City_ID,City,Lat,Lng,Max Temp,Humidity,Cloudiness,Wind Speed,Country,Date
0,Alice Springs,-23.7,133.8833,69.8,40,48,6.91,AU,2021-01-16 17:30:16
1,Barrow,71.2906,-156.7887,-0.4,71,90,20.71,US,2021-01-16 17:29:44
2,Punta Arenas,-53.15,-70.9167,60.8,59,90,11.5,CL,2021-01-16 17:29:49
3,Saint-Georges,12.0564,-61.7485,86.0,66,40,23.02,GD,2021-01-16 17:31:38
4,Ojinaga,29.5667,-104.4167,57.0,34,1,0.69,MX,2021-01-16 17:31:38
5,Nederland,29.9744,-93.9924,53.6,35,1,12.66,US,2021-01-16 17:31:38
6,Newala,-10.9431,39.2787,69.89,100,86,4.09,TZ,2021-01-16 17:31:39
7,Ahipara,-35.1667,173.1667,62.24,93,14,5.82,NZ,2021-01-16 17:31:39
8,East London,-33.0153,27.9116,69.8,68,0,19.57,ZA,2021-01-16 17:29:42
9,Hofn,64.2539,-15.2082,41.56,69,100,26.31,IS,2021-01-16 17:31:39
10,Hobart,-42.8794,147.3294,51.8,54,90,17.27,AU,2021-01-16 17:25:58
11,Nara,34.6851,135.8049,43.0,68,98,4.65,JP,2021-01-16 17:29:21
12,Port Alfred,-33.5906,26.891,70.0,77,0,8.01,ZA,2021-01-16 17:24:47
13,Bambous Virieux,-20.3428,57.7575,81.0,83,75,8.05,MU,2021-01-16 17:30:14
14,Launceston,-41.45,147.1667,46.99,66,40,9.22,AU,2021-01-16 17:31:40
15,Srednekolymsk,67.45,153.6833,-32.48,79,97,3.33,RU,2021-01-16 17:31:31
16,Linqiong,30.4159,103.4609,44.6,65,0,8.95,CN,2021-01-16 17:31:41
17,Yellowknife,62.456,-114.3525,-2.2,78,75,9.22,CA,2021-01-16 17:29:42
18,Busselton,-33.65,115.3333,61.0,72,0,5.99,AU,2021-01-16 17:29:31
19,Hithadhoo,-0.6,73.0833,81.7,75,100,11.65,MV,2021-01-16 17:29:42
20,Yabelo,4.8833,38.0833,70.02,33,92,5.97,ET,2021-01-16 17:31:41
21,Ushuaia,-54.8,-68.3,62.6,55,40,6.91,AR,2021-01-16 17:29:30
22,Bluff,-46.6,168.3333,62.01,73,99,3.0,NZ,2021-01-16 17:29:31
23,Teya,60.3778,92.6267,-4.79,89,100,3.2,RU,2021-01-16 17:31:42
24,Kapaa,22.0752,-159.319,69.8,94,75,6.91,US,2021-01-16 17:29:33
25,Vardo,70.3705,31.1107,32.0,86,40,18.41,NO,2021-01-16 17:30:11
26,Gallup,35.5281,-108.7426,37.4,30,75,3.09,US,2021-01-16 17:27:20
27,Labuhan,-6.8844,112.2051,77.79,82,100,4.92,ID,2021-01-16 17:31:19
28,Erzin,36.9559,36.2,55.0,91,100,17.0,TR,2021-01-16 17:31:43
29,Thunder Bay,48.4001,-89.3168,24.01,80,90,13.8,CA,2021-01-16 17:30:12
30,Rikitea,-23.1203,-134.9692,77.77,69,36,4.27,PF,2021-01-16 17:29:29
31,Pevek,69.7008,170.3133,-17.61,84,64,5.37,RU,2021-01-16 17:29:43
32,Saint George,37.1041,-113.5841,44.6,33,1,3.56,US,2021-01-16 17:26:05
33,Norman Wells,65.282,-126.8329,-2.2,84,75,4.61,CA,2021-01-16 17:29:47
34,Avarua,-21.2078,-159.775,75.2,94,40,1.14,CK,2021-01-16 17:29:50
35,Severo-Kurilsk,50.6789,156.125,28.09,97,100,19.82,RU,2021-01-16 17:31:26
36,Lantawan,10.6167,123.9833,78.8,89,90,9.22,PH,2021-01-16 17:31:44
37,Sokoni,-6.4333,39.55,80.6,78,20,11.5,TZ,2021-01-16 17:31:44
38,Mindelo,16.8901,-24.9804,73.4,53,75,31.07,CV,2021-01-16 17:31:45
39,Bacum,27.55,-110.0833,76.28,19,0,0.65,MX,2021-01-16 17:31:45
40,Micheweni,-4.9667,39.8333,80.01,79,1,12.41,TZ,2021-01-16 17:31:45
41,Qaanaaq,77.484,-69.3632,6.22,91,99,1.92,GL,2021-01-16 17:29:47
42,Haines Junction,60.7522,-137.5108,14.0,92,80,3.44,CA,2021-01-16 17:31:26
43,Basco,20.4487,121.9702,72.75,83,83,28.03,PH,2021-01-16 17:31:46
44,Turukhansk,65.8167,87.9833,-22.45,83,100,13.35,RU,2021-01-16 17:31:46
45,Marrakesh,31.6315,-8.0083,64.4,32,0,5.75,MA,2021-01-16 17:27:19
46,Bengkulu,-3.8004,102.2655,76.82,80,100,3.51,ID,2021-01-16 17:31:12
47,Leningradskiy,69.3833,178.4167,-18.62,86,100,0.65,RU,2021-01-16 17:29:41
48,Terre Haute,39.4667,-87.4139,33.01,93,90,13.8,US,2021-01-16 17:29:01
49,Bredasdorp,-34.5322,20.0403,71.6,60,0,19.57,ZA,2021-01-16 17:29:52
50,Vidim,56.4088,103.1106,-24.65,83,99,2.48,RU,2021-01-16 17:31:47
51,Buchanan,5.8808,-10.0467,86.0,74,40,11.5,LR,2021-01-16 17:31:47
52,Mataura,-46.1927,168.8643,62.01,73,100,3.0,NZ,2021-01-16 17:29:30
53,Batagay-Alyta,67.8006,130.4114,-29.09,83,100,1.9,RU,2021-01-16 17:31:14
54,Salalah,17.0151,54.0924,75.2,69,0,3.36,OM,2021-01-16 17:31:09
55,Valente,-11.4122,-39.4619,93.15,29,70,10.78,BR,2021-01-16 17:31:47
56,Hermanus,-34.4187,19.2345,70.0,73,6,3.0,ZA,2021-01-16 17:29:37
57,Hilo,19.7297,-155.09,68.0,77,90,4.61,US,2021-01-16 17:29:49
58,Freeport,40.6576,-73.5832,46.99,81,90,14.97,US,2021-01-16 17:31:19
59,Arraial Do Cabo,-22.9661,-42.0278,87.8,61,40,23.02,BR,2021-01-16 17:29:30
60,Saskylakh,71.9167,114.0833,-15.14,87,100,7.67,RU,2021-01-16 17:30:23
61,Atuona,-9.8,-139.0333,77.45,78,1,14.52,PF,2021-01-16 17:29:57
62,Albany,42.6001,-73.9662,37.99,88,100,4.92,US,2021-01-16 17:26:24
63,Laguna,38.421,-121.4238,55.0,87,1,5.41,US,2021-01-16 17:31:48
64,Gamba,-2.65,10.0,79.25,81,97,8.01,GA,2021-01-16 17:29:32
65,Ribeira Grande,38.5167,-28.7,62.6,82,20,10.36,PT,2021-01-16 17:29:54
66,Tomohon,1.3346,124.8392,75.2,94,40,10.36,ID,2021-01-16 17:31:49
67,Nome,64.5011,-165.4064,10.4,85,40,2.59,US,2021-01-16 17:30:28
68,Atbasar,51.8,68.3333,17.69,96,100,13.2,KZ,2021-01-16 17:29:33
69,Talnakh,69.4865,88.3972,-26.93,71,0,7.4,RU,2021-01-16 17:29:50
70,Geraldton,-28.7667,114.6,89.6,31,99,21.85,AU,2021-01-16 17:30:46
71,Castro,-24.7911,-50.0119,76.86,77,94,7.9,BR,2021-01-16 17:29:37
72,Deep River,46.1001,-77.4995,35.01,93,90,2.3,CA,2021-01-16 17:31:50
73,New Norfolk,-42.7826,147.0587,50.0,67,45,1.99,AU,2021-01-16 17:29:46
74,Cape Town,-33.9258,18.4232,75.0,56,40,9.22,ZA,2021-01-16 17:29:32
75,Te Anau,-45.4167,167.7167,53.31,87,96,6.87,NZ,2021-01-16 17:31:16
76,Rawson,-43.3002,-65.1023,64.65,46,71,26.24,AR,2021-01-16 17:31:50
77,Georgetown,5.4112,100.3354,80.6,83,20,4.72,MY,2021-01-16 17:29:41
78,Kulhudhuffushi,6.6221,73.07,81.23,76,89,11.5,MV,2021-01-16 17:31:51
79,Fengcheng,40.4536,124.0717,5.09,84,0,1.14,CN,2021-01-16 17:31:51
80,Edd,13.9297,41.6925,77.38,60,1,13.78,ER,2021-01-16 17:31:51
81,Westerly,41.3776,-71.8273,50.0,100,90,13.8,US,2021-01-16 17:31:51
82,Patos,-7.0244,-37.28,97.66,17,11,8.05,BR,2021-01-16 17:31:52
83,Souillac,-20.5167,57.5167,80.6,83,75,8.05,MU,2021-01-16 17:29:47
84,Jamestown,42.097,-79.2353,34.0,86,90,9.22,US,2021-01-16 17:29:10
85,Marathon,44.9,-89.7668,33.01,74,90,8.05,US,2021-01-16 17:31:52
86,Luancheng,37.8792,114.6517,17.6,53,0,4.47,CN,2021-01-16 17:31:52
87,Richards Bay,-28.783,32.0377,73.51,89,60,9.19,ZA,2021-01-16 17:31:26
88,Kendari,-3.945,122.4989,76.71,90,100,3.91,ID,2021-01-16 17:31:53
89,Khatanga,71.9667,102.5,-25.26,86,93,4.76,RU,2021-01-16 17:29:30
90,Anadyr,64.75,177.4833,-2.0,78,40,2.24,RU,2021-01-16 17:29:39
91,Vaini,-21.2,-175.2,77.0,94,75,3.44,TO,2021-01-16 17:29:36
92,Abu Dhabi,24.4667,54.3667,66.2,72,0,2.73,AE,2021-01-16 17:31:07
93,Talakan,50.3167,130.3667,-13.9,88,100,2.64,RU,2021-01-16 17:31:53
94,Isangel,-19.55,169.2667,80.04,84,100,10.65,VU,2021-01-16 17:31:54
95,Sept-Iles,50.2001,-66.3821,30.99,80,100,5.75,CA,2021-01-16 17:28:01
96,Airai,-8.9266,125.4092,62.76,100,100,0.81,TL,2021-01-16 17:29:55
97,Mahebourg,-20.4081,57.7,80.6,83,75,8.05,MU,2021-01-16 17:30:01
98,Kimovsk,53.9716,38.5319,3.78,94,100,11.14,RU,2021-01-16 17:31:54
99,Atambua,-9.1061,124.8925,75.58,82,100,1.25,ID,2021-01-16 17:31:54
100,Butaritari,3.0707,172.7902,80.69,77,50,21.3,KI,2021-01-16 17:29:36
101,Along,28.1667,94.7667,53.29,80,4,1.72,IN,2021-01-16 17:31:55
102,Ostrovnoy,68.0531,39.5131,22.62,97,100,13.31,RU,2021-01-16 17:29:45
103,Jardim,-21.4803,-56.1381,83.66,78,100,8.21,BR,2021-01-16 17:31:55
104,Raga,8.4596,25.678,75.42,21,46,4.0,SS,2021-01-16 17:31:55
105,Saint-Philippe,-21.3585,55.7679,82.4,78,75,4.61,RE,2021-01-16 17:30:28
106,Cidreira,-30.1811,-50.2056,81.37,72,91,12.19,BR,2021-01-16 17:29:45
107,Tuktoyaktuk,69.4541,-133.0374,-2.2,78,90,10.36,CA,2021-01-16 17:29:30
108,Hervey Bay,-25.2986,152.8535,75.0,91,10,1.01,AU,2021-01-16 17:31:56
109,Daru,-9.0763,143.2092,78.84,88,100,2.68,PG,2021-01-16 17:31:31
110,Kainantu,-6.2887,145.8655,59.86,95,100,1.03,PG,2021-01-16 17:31:56
111,Severobaykalsk,55.65,109.3167,-22.32,80,18,9.04,RU,2021-01-16 17:31:56
112,Aykhal,66.0,111.5,-33.81,80,100,7.05,RU,2021-01-16 17:31:16
113,Faanui,-16.4833,-151.75,80.94,76,8,10.92,PF,2021-01-16 17:30:23
114,Carballo,43.213,-8.691,52.0,90,74,1.95,ES,2021-01-16 17:31:57
115,Calabozo,8.9242,-67.4293,90.55,38,100,7.38,VE,2021-01-16 17:27:06
116,Zyryanka,65.75,150.85,-29.45,85,100,4.45,RU,2021-01-16 17:31:57
117,Ravar,31.2656,56.8055,49.44,42,0,1.63,IR,2021-01-16 17:31:57
118,Billings,45.7833,-108.5007,44.01,38,40,19.57,US,2021-01-16 17:30:50
119,Nikolskoye,59.7035,30.7861,7.0,85,75,8.95,RU,2021-01-16 17:29:53
120,Ingham,42.6,-84.3833,30.2,86,90,4.61,US,2021-01-16 17:31:58
121,Dubbo,-32.25,148.6167,57.2,54,42,10.36,AU,2021-01-16 17:31:58
122,Lebu,-37.6167,-73.65,61.12,60,0,21.07,CL,2021-01-16 17:29:56
123,Hasaki,35.7333,140.8333,41.0,56,75,8.05,JP,2021-01-16 17:29:50
124,Tazovskiy,67.4667,78.7,-12.78,90,100,17.13,RU,2021-01-16 17:30:07
125,Ilesha,7.1371,5.2583,85.01,41,31,4.9,NG,2021-01-16 17:31:59
126,Gazojak,41.1875,61.4036,39.34,85,0,7.92,TM,2021-01-16 17:31:59
127,Gazli,40.1333,63.45,42.89,77,0,8.14,UZ,2021-01-16 17:31:59
128,Petropavlovskoye,52.0712,84.107,13.93,87,92,1.7,RU,2021-01-16 17:32:00
129,Tiksi,71.6872,128.8694,-10.68,91,100,14.03,RU,2021-01-16 17:29:56
130,Kruisfontein,-34.0033,24.7314,72.0,65,0,8.01,ZA,2021-01-16 17:30:29
131,Khani,41.9563,42.9566,46.4,76,90,19.57,GE,2021-01-16 17:32:00
132,Cururupu,-1.8283,-44.8683,87.26,56,87,7.7,BR,2021-01-16 17:32:00
133,Halol,22.5,73.4667,73.4,60,0,2.3,IN,2021-01-16 17:32:01
134,Belyy Yar,53.6039,91.3903,5.0,72,100,1.9,RU,2021-01-16 17:32:01
135,Carnarvon,-24.8667,113.6333,77.0,100,11,1.14,AU,2021-01-16 17:29:40
136,Raglan,-37.8,174.8833,57.0,50,56,5.08,NZ,2021-01-16 17:32:01
137,Ponta Do Sol,32.6667,-17.1,64.4,59,40,9.22,PT,2021-01-16 17:29:40
138,Port Elizabeth,-33.918,25.5701,69.8,78,0,34.52,ZA,2021-01-16 17:29:58
139,Nizwa,22.9333,57.5333,60.69,34,0,4.61,OM,2021-01-16 17:32:02
140,Dongzhen,22.3797,110.9389,63.46,48,98,3.47,CN,2021-01-16 17:32:02
141,Imbituba,-28.24,-48.6703,86.0,70,40,13.8,BR,2021-01-16 17:32:02
142,Praia,14.9215,-23.5087,77.0,50,98,23.02,CV,2021-01-16 17:28:00
143,Plettenberg Bay,-34.0527,23.3716,67.57,78,5,9.69,ZA,2021-01-16 17:30:32
144,Bathsheba,13.2167,-59.5167,84.2,58,20,23.02,BB,2021-01-16 17:29:37
145,Mecca,21.4267,39.8261,72.54,64,0,9.69,SA,2021-01-16 17:29:19
146,Jiuquan,39.7432,98.5174,13.42,70,0,3.22,CN,2021-01-16 17:32:03
147,Kahului,20.8947,-156.47,71.01,77,20,4.61,US,2021-01-16 17:29:36
148,Nanortalik,60.1432,-45.2371,23.38,95,72,7.78,GL,2021-01-16 17:29:39
149,Kolosovka,56.4678,73.611,8.19,93,100,10.22,RU,2021-01-16 17:32:03
150,Shestakovo,56.4915,103.96,-27.51,79,84,1.45,RU,2021-01-16 17:32:04
151,Byron Bay,-28.65,153.6167,68.0,83,75,4.61,AU,2021-01-16 17:32:04
152,Kristiansand,58.1467,7.9956,27.0,73,40,12.66,NO,2021-01-16 17:32:04
153,Pangnirtung,66.1451,-65.7125,14.0,85,90,11.5,CA,2021-01-16 17:32:04
154,Maba,24.6841,113.5984,54.07,51,100,5.61,CN,2021-01-16 17:32:04
155,Goderich,43.7501,-81.7165,32.0,86,69,9.22,CA,2021-01-16 17:30:49
156,Am Timan,11.0297,20.2827,79.79,17,0,4.56,TD,2021-01-16 17:32:05
157,Derzhavinsk,51.1,66.3167,14.65,96,100,15.39,KZ,2021-01-16 17:29:51
158,Torbay,47.6666,-52.7314,33.01,93,90,29.93,CA,2021-01-16 17:30:10
159,Galbshtadt,53.2264,78.9845,8.8,90,98,14.0,RU,2021-01-16 17:32:05
160,Kharp,66.8014,65.8081,-10.84,86,85,4.5,RU,2021-01-16 17:32:05
161,Port Macquarie,-31.4333,152.9167,57.99,84,12,1.99,AU,2021-01-16 17:30:31
162,Buraydah,26.326,43.975,64.4,68,40,5.75,SA,2021-01-16 17:31:05
163,Makakilo City,21.3469,-158.0858,73.0,78,90,3.44,US,2021-01-16 17:30:19
164,Zhaoyang,42.682,126.0305,-4.09,89,10,9.04,CN,2021-01-16 17:32:06
165,Puerto Ayora,-0.7393,-90.3518,78.01,83,75,10.36,EC,2021-01-16 17:29:47
166,Mar Del Plata,-38.0023,-57.5575,71.6,78,90,16.11,AR,2021-01-16 17:27:07
167,Kolda,12.8833,-14.95,95.0,17,0,6.91,SN,2021-01-16 17:32:06
168,Yambio,4.5721,28.3955,79.21,23,36,3.49,SS,2021-01-16 17:32:07
169,San Patricio,28.017,-97.5169,60.01,38,20,2.84,US,2021-01-16 17:29:58
170,Upernavik,72.7868,-56.1549,11.3,91,10,4.41,GL,2021-01-16 17:29:58
171,Kindu,-2.95,25.95,74.93,78,39,0.98,CD,2021-01-16 17:29:13
172,Dwarka,22.2394,68.9678,69.62,51,0,7.9,IN,2021-01-16 17:32:07
173,Codrington,-38.2667,141.9667,55.44,70,99,9.82,AU,2021-01-16 17:30:29
174,Alta Floresta,-9.8756,-56.0861,80.19,76,91,1.97,BR,2021-01-16 17:32:08
175,Miraflores,19.2167,-98.8083,64.4,34,40,3.6,MX,2021-01-16 17:32:08
176,Puerto Lempira,15.2667,-83.7667,82.2,67,70,8.19,HN,2021-01-16 17:32:08
177,Barcelona,41.3888,2.159,53.01,58,0,1.14,ES,2021-01-16 17:30:37
178,Esperance,-33.8667,121.9,55.4,71,3,8.05,AU,2021-01-16 17:30:08
179,Tasiilaq,65.6145,-37.6368,30.2,93,75,14.97,GL,2021-01-16 17:30:29
180,Hualmay,-11.0964,-77.6139,75.52,70,41,10.94,PE,2021-01-16 17:29:46
181,Auki,-8.7676,160.7034,77.05,85,99,3.56,SB,2021-01-16 17:31:16
182,Macas,-2.3167,-78.1167,80.6,57,40,6.91,EC,2021-01-16 17:32:09
183,Pacific Grove,36.6177,-121.9166,62.6,48,1,4.05,US,2021-01-16 17:30:25
184,Huarmey,-10.0681,-78.1522,75.99,69,44,9.93,PE,2021-01-16 17:30:13
185,Zuwarah,32.9312,12.082,56.35,61,20,17.07,LY,2021-01-16 17:32:09
186,Teguldet,57.3064,88.1667,6.03,93,99,5.12,RU,2021-01-16 17:32:10
187,Wajima,37.4,136.9,36.95,78,97,13.09,JP,2021-01-16 17:32:10
188,Ouadda,8.0777,22.4007,79.05,23,79,1.23,CF,2021-01-16 17:29:50
189,Redlands,34.0556,-117.1825,73.99,22,1,6.91,US,2021-01-16 17:32:10
190,Russell,32.3502,-85.1999,46.4,39,20,13.8,US,2021-01-16 17:31:11
191,Pedernales,18.0384,-71.744,82.45,56,80,5.93,DO,2021-01-16 17:32:11
192,San Cristobal,7.7669,-72.225,86.0,54,40,8.05,VE,2021-01-16 17:32:11
193,Colares,38.7992,-9.4469,54.0,66,0,2.3,PT,2021-01-16 17:32:11
194,Arlit,18.7369,7.3853,77.16,15,99,9.06,NE,2021-01-16 17:32:11
195,Fairbanks,64.8378,-147.7164,7.0,84,1,3.06,US,2021-01-16 17:30:23
196,Kodiak,57.79,-152.4072,39.2,93,90,31.07,US,2021-01-16 17:29:32
197,Inirida,3.8653,-67.9239,87.33,66,22,3.42,CO,2021-01-16 17:32:12
198,Klaksvik,62.2266,-6.589,44.6,100,90,3.44,FO,2021-01-16 17:30:15
199,Itarema,-2.9248,-39.9167,86.05,61,21,16.75,BR,2021-01-16 17:30:24
200,Svetlogorsk,52.6333,29.7333,-1.86,92,63,4.12,BY,2021-01-16 17:31:23
201,Hirara,24.8,125.2833,65.37,82,96,29.1,JP,2021-01-16 17:31:28
202,The Valley,18.217,-63.0578,84.2,69,40,16.11,AI,2021-01-16 17:31:31
203,Provideniya,64.3833,-173.3,-2.96,84,100,8.99,RU,2021-01-16 17:30:17
204,Ilulissat,69.2167,-51.1,12.2,52,1,4.61,GL,2021-01-16 17:30:29
205,Shepetivka,50.1855,27.0637,3.96,94,95,2.24,UA,2021-01-16 17:32:13
206,Maarianhamina,60.0973,19.9348,21.2,93,90,4.61,AX,2021-01-16 17:32:13
207,Kaitangata,-46.2817,169.8464,58.14,90,99,4.68,NZ,2021-01-16 17:30:15
208,Manaure,11.7751,-72.4445,86.74,47,38,14.56,CO,2021-01-16 17:32:14
209,Korla,41.7597,86.1469,18.9,81,0,7.9,CN,2021-01-16 17:31:03
210,Jalu,29.0331,21.5482,54.72,42,0,9.19,LY,2021-01-16 17:32:14
211,Caxito,-8.5785,13.6643,82.4,74,20,13.8,AO,2021-01-16 17:32:14
212,Vila,42.0304,-8.1588,51.01,43,21,5.01,PT,2021-01-16 17:32:15
213,Bethel,41.3712,-73.414,41.0,87,90,4.61,US,2021-01-16 17:32:15
214,Marawi,7.9986,124.2928,73.99,95,100,3.0,PH,2021-01-16 17:32:15
215,Vila Velha,-20.3297,-40.2925,86.0,62,40,12.66,BR,2021-01-16 17:26:58
216,Beloha,-25.1667,45.05,76.82,84,8,2.51,MG,2021-01-16 17:32:15
217,Hamilton,39.1834,-84.5333,35.6,69,90,9.22,US,2021-01-16 17:26:07
218,Puerto Escondido,15.85,-97.0667,82.4,74,40,5.75,MX,2021-01-16 17:32:15
219,Uspenka,48.3903,39.1619,10.47,94,45,5.3,UA,2021-01-16 17:32:16
220,Parfino,57.9731,31.6481,2.23,92,100,6.71,RU,2021-01-16 17:32:16
221,Puerto Del Rosario,28.5004,-13.8627,66.2,59,20,18.41,ES,2021-01-16 17:32:16
222,Coracora,-15.0333,-73.7833,56.95,66,93,10.92,PE,2021-01-16 17:32:16
223,Pacasmayo,-7.4006,-79.5714,74.41,71,100,5.5,PE,2021-01-16 17:32:16
224,Dikson,73.5069,80.5464,-31.83,79,10,9.4,RU,2021-01-16 17:29:38
225,Cessnock,-32.8333,151.35,55.99,91,0,2.68,AU,2021-01-16 17:32:17
226,Sambava,-14.2667,50.1667,78.91,78,13,5.37,MG,2021-01-16 17:32:17
227,Pisco,-13.7,-76.2167,73.99,73,0,10.36,PE,2021-01-16 17:29:41
228,Victoria,22.2855,114.1577,62.01,76,99,1.01,HK,2021-01-16 17:31:17
229,Xining,36.6167,101.7667,7.38,81,47,3.42,CN,2021-01-16 17:32:17
230,Belvedere Marittimo,39.6179,15.8617,17.6,100,90,21.85,IT,2021-01-16 17:32:17
231,Cluj-Napoca,46.7667,23.6,19.4,73,90,9.22,RO,2021-01-16 17:32:18
232,Taormina,37.8536,15.2885,50.0,61,32,4.0,IT,2021-01-16 17:32:18
233,Manta,-0.95,-80.7333,80.6,83,75,5.75,EC,2021-01-16 17:31:32
234,Chokurdakh,70.6333,147.9167,-13.52,88,100,13.38,RU,2021-01-16 17:30:00
235,Qrendi,35.8347,14.4583,53.01,93,75,4.61,MT,2021-01-16 17:31:30
236,Bahile,9.9995,118.7878,75.67,87,100,2.98,PH,2021-01-16 17:32:18
237,Clyde River,70.4692,-68.5914,1.4,92,90,4.61,CA,2021-01-16 17:31:15
238,Zhigansk,66.7697,123.3711,-35.88,82,100,6.2,RU,2021-01-16 17:32:19
239,Rocha,-34.4833,-54.3333,80.24,65,32,13.13,UY,2021-01-16 17:32:19
240,Ndele,8.4109,20.6473,80.22,19,66,4.76,CF,2021-01-16 17:32:19
241,Caravelas,-17.7125,-39.2481,83.62,58,2,10.71,BR,2021-01-16 17:32:19
242,San Andres,12.5847,-81.7006,80.6,78,75,6.91,CO,2021-01-16 17:29:39
243,Cherskiy,68.75,161.3,-20.79,87,100,3.76,RU,2021-01-16 17:30:24
244,Kaeo,-35.1,173.7833,57.0,92,3,2.19,NZ,2021-01-16 17:30:54
245,Luderitz,-26.6481,15.1594,68.9,63,0,21.5,NA,2021-01-16 17:29:31
246,Lompoc,34.6391,-120.4579,73.4,55,16,6.91,US,2021-01-16 17:29:44
247,La Ronge,55.1001,-105.2842,30.2,80,57,9.22,CA,2021-01-16 17:32:20
248,Cabo San Lucas,22.8909,-109.9124,73.99,40,20,2.84,MX,2021-01-16 17:26:29
249,Dudinka,69.4058,86.1778,-27.92,76,9,6.76,RU,2021-01-16 17:32:21
250,Egvekinot,66.3167,-179.1667,-15.36,86,100,16.02,RU,2021-01-16 17:32:21
251,Samana,19.2056,-69.3369,84.2,74,40,4.61,DO,2021-01-16 17:32:21
252,Thompson,55.7435,-97.8558,14.0,92,90,4.61,CA,2021-01-16 17:26:25
253,Akdagmadeni,39.6603,35.8836,35.22,93,100,6.58,TR,2021-01-16 17:32:21
254,Nemuro,43.3236,145.575,23.09,90,27,17.36,JP,2021-01-16 17:31:21
255,Damghan,36.1683,54.348,42.66,56,0,3.2,IR,2021-01-16 17:28:31
256,Ankazobe,-18.3167,47.1167,71.6,78,40,2.3,MG,2021-01-16 17:32:22
257,Bilma,18.6853,12.9164,68.11,24,37,2.26,NE,2021-01-16 17:30:18
258,Yuzhno-Kurilsk,44.0306,145.8556,21.27,94,100,23.78,RU,2021-01-16 17:32:22
259,Namatanai,-3.6667,152.4333,80.13,83,54,11.39,PG,2021-01-16 17:32:22
260,Iqaluit,63.7506,-68.5145,3.2,78,90,28.77,CA,2021-01-16 17:31:18
261,Saldanha,-33.0117,17.9442,73.4,60,2,12.66,ZA,2021-01-16 17:29:33
262,Kloulklubed,7.0419,134.2556,78.8,94,90,5.75,PW,2021-01-16 17:29:33
263,Kavaratti,10.5669,72.642,82.17,78,6,9.51,IN,2021-01-16 17:29:52
264,Port Blair,11.6667,92.75,77.52,76,51,8.39,IN,2021-01-16 17:25:07
265,Almansa,38.8692,-1.0971,52.0,60,0,3.44,ES,2021-01-16 17:32:23
266,Namibe,-15.1961,12.1522,75.83,64,21,9.4,AO,2021-01-16 17:31:25
267,Krasnoshchekovo,51.6708,82.7289,7.52,84,98,1.16,RU,2021-01-16 17:32:24
268,Pangkalanbuun,-2.6833,111.6167,73.44,94,100,2.62,ID,2021-01-16 17:30:48
269,Manggar,-2.8833,108.2667,79.0,84,100,11.59,ID,2021-01-16 17:32:25
270,Alcains,39.9164,-7.4566,45.0,42,0,1.01,PT,2021-01-16 17:32:25
271,Santa Rosa,14.3122,121.1114,78.8,73,75,5.75,PH,2021-01-16 17:31:26
272,Oum Hadjer,13.2954,19.6966,76.89,17,31,8.63,TD,2021-01-16 17:32:25
273,Pushkinskiye Gory,57.0209,28.9103,2.79,93,100,5.66,RU,2021-01-16 17:32:25
274,Fukue,32.6881,128.8419,42.62,78,94,30.0,JP,2021-01-16 17:32:26
275,Neryungri,56.6709,124.6491,-24.29,83,100,7.99,RU,2021-01-16 17:32:26
276,Brae,60.3964,-1.353,44.6,93,90,16.11,GB,2021-01-16 17:32:26
277,Bull Savanna,17.8868,-77.5902,80.69,57,99,6.76,JM,2021-01-16 17:32:26
278,Hvide Sande,56.0045,8.1294,33.01,100,75,5.75,DK,2021-01-16 17:32:26
279,Mamakan,57.8161,114.0028,-37.08,73,78,2.53,RU,2021-01-16 17:32:27
280,Dax,43.75,-1.1667,46.99,76,75,3.44,FR,2021-01-16 17:32:27
281,Severo-Yeniseyskiy,60.3725,93.0408,-7.96,92,100,3.06,RU,2021-01-16 17:32:27
282,Tura,25.5198,90.2201,57.02,54,8,2.89,IN,2021-01-16 17:31:14
283,Sao Filipe,14.8961,-24.4956,72.72,71,71,11.23,CV,2021-01-16 17:31:09
284,Steinbach,50.1667,8.5667,30.2,69,40,4.61,DE,2021-01-16 17:32:28
285,Sorland,67.667,12.6934,38.35,76,33,6.11,NO,2021-01-16 17:32:28
286,Abu Samrah,35.3029,37.1841,52.2,77,56,10.8,SY,2021-01-16 17:31:27
287,Masyaf,35.0653,36.3406,57.2,67,75,11.5,SY,2021-01-16 17:32:28
288,Hami,42.8,93.45,14.16,72,0,1.52,CN,2021-01-16 17:32:28
289,San Quintin,30.4833,-115.95,70.48,24,0,3.13,MX,2021-01-16 17:29:59
290,Dekernes,31.0876,31.595,60.8,67,0,10.36,EG,2021-01-16 17:32:29
291,Sinnamary,5.3833,-52.95,80.64,75,97,13.42,GF,2021-01-16 17:29:54
292,Ballarat,-37.5662,143.8496,52.0,81,48,1.01,AU,2021-01-16 17:32:29
293,Kavieng,-2.5744,150.7967,82.72,81,83,18.66,PG,2021-01-16 17:29:53
294,Pangody,65.85,74.4859,-5.62,91,98,7.49,RU,2021-01-16 17:30:54
295,Naze,28.3667,129.4833,55.4,76,0,23.38,JP,2021-01-16 17:32:30
296,Grindavik,63.8424,-22.4338,37.4,93,90,28.77,IS,2021-01-16 17:30:45
297,Bandrele,-12.9067,45.1914,82.4,74,0,4.61,YT,2021-01-16 17:32:30
298,Kalmar,56.6616,16.3616,30.0,93,90,6.91,SE,2021-01-16 17:32:30
299,Klyuchi,52.2667,79.1667,13.37,88,82,19.19,RU,2021-01-16 17:31:12
300,Khandbari,27.3747,87.2039,51.13,68,43,1.1,NP,2021-01-16 17:31:18
301,Kupino,54.3663,77.2981,6.53,92,100,14.52,RU,2021-01-16 17:32:31
302,Berlevag,70.8578,29.0864,36.41,83,100,16.87,NO,2021-01-16 17:27:39
303,Kisesa,-3.0833,34.15,66.72,85,75,2.82,TZ,2021-01-16 17:32:31
304,Bonthe,7.5264,-12.505,81.93,70,97,10.02,SL,2021-01-16 17:32:31
305,Lamar,33.6668,-95.5836,46.0,42,1,14.97,US,2021-01-16 17:32:31
306,Londoko,49.0333,131.9833,-13.22,87,79,1.61,RU,2021-01-16 17:32:32
307,Fortuna,40.5982,-124.1573,50.0,100,90,8.05,US,2021-01-16 17:30:14
308,Kalabo,-14.97,22.6814,73.51,68,89,3.44,ZM,2021-01-16 17:32:32
309,Ust-Kuyga,70.0167,135.6,-24.52,84,100,0.36,RU,2021-01-16 17:32:32
310,Shingu,33.7333,135.9833,42.6,70,100,7.05,JP,2021-01-16 17:30:26
311,Balkhash,46.844,74.9804,8.04,89,51,9.48,KZ,2021-01-16 17:32:32
312,Whitehorse,60.7161,-135.0538,23.0,86,40,19.57,CA,2021-01-16 17:31:18
313,Maloyaroslavets,55.0146,36.4719,6.8,78,90,13.42,RU,2021-01-16 17:32:33
314,Grand Gaube,-20.0064,57.6608,81.0,83,34,5.99,MU,2021-01-16 17:32:33
315,Inhambane,-23.865,35.3833,83.07,82,83,11.92,MZ,2021-01-16 17:32:33
316,Flin Flon,54.7682,-101.865,17.6,86,90,6.91,CA,2021-01-16 17:32:33
317,Adre,13.4667,22.2,62.98,40,21,2.42,TD,2021-01-16 17:32:33
318,Havoysund,70.9963,24.6622,33.8,93,40,4.61,NO,2021-01-16 17:32:34
319,Longyearbyen,78.2186,15.6401,19.4,79,75,3.44,SJ,2021-01-16 17:29:40
320,Carlsbad,33.1581,-117.3506,71.01,31,1,3.65,US,2021-01-16 17:30:09
321,Cedar City,37.6775,-113.0619,37.4,52,1,5.75,US,2021-01-16 17:32:05
322,Yumen,40.2833,97.2,16.7,70,0,23.96,CN,2021-01-16 17:30:18
323,Matamoros,25.5333,-103.25,53.6,30,20,0.31,MX,2021-01-16 17:29:54
324,Burdur,37.7203,30.2908,39.2,93,75,5.75,TR,2021-01-16 17:29:29
325,Walvis Bay,-22.9575,14.5053,75.2,57,4,18.41,NA,2021-01-16 17:31:00
326,Swan Hill,-35.3378,143.5544,57.2,74,0,7.2,AU,2021-01-16 17:31:24
327,Yenagoa,4.9247,6.2642,78.93,84,75,4.85,NG,2021-01-16 17:31:18
328,Itoman,26.1247,127.6694,60.8,82,75,16.11,JP,2021-01-16 17:32:35
329,Taganak,6.0833,118.3,75.2,100,40,4.61,PH,2021-01-16 17:32:36
330,Mansa,29.9833,75.3833,50.13,48,0,2.01,IN,2021-01-16 17:32:37
331,Nambucca Heads,-30.65,153.0,60.8,82,34,5.75,AU,2021-01-16 17:32:37
332,Champerico,14.3,-91.9167,87.8,58,40,6.91,GT,2021-01-16 17:30:54
333,Nabinagar,23.8917,90.9733,66.2,72,44,3.44,BD,2021-01-16 17:32:37
334,Tullahoma,35.362,-86.2094,37.99,64,90,10.36,US,2021-01-16 17:28:32
335,Avera,33.194,-82.5271,46.4,39,75,19.57,US,2021-01-16 17:30:11
336,Tafresh,34.692,50.013,37.35,77,0,4.18,IR,2021-01-16 17:32:38
337,Dingle,10.9995,122.6711,75.09,91,100,11.48,PH,2021-01-16 17:31:08
338,Adrar,20.5022,-10.0711,67.69,16,98,12.66,MR,2021-01-16 17:32:39
339,Phan Thiet,10.9333,108.1,69.66,85,99,6.98,VN,2021-01-16 17:32:39
340,Taos,36.4072,-105.5731,36.0,51,1,6.51,US,2021-01-16 17:32:06
341,Lubao,14.9167,120.55,77.0,73,75,4.61,PH,2021-01-16 17:32:40
342,Cap Malheureux,-19.9842,57.6142,81.0,83,41,5.99,MU,2021-01-16 17:29:56
343,Fereydun Kenar,36.6864,52.5225,54.07,77,29,1.88,IR,2021-01-16 17:32:40
344,Riachos,39.4447,-8.5142,55.99,75,0,3.83,PT,2021-01-16 17:32:40
345,Chicama,-7.8447,-79.1469,69.8,83,40,9.22,PE,2021-01-16 17:30:30
346,Asau,46.4333,26.4,18.0,67,75,6.91,RO,2021-01-16 17:32:41
347,Bad Ischl,47.7111,13.6189,26.01,62,98,5.01,AT,2021-01-16 17:32:41
348,Najran,17.4924,44.1277,68.0,28,0,4.61,SA,2021-01-16 17:31:17
349,Tromso,69.6496,18.957,33.8,93,75,6.91,NO,2021-01-16 17:32:42
350,Gusev,54.5922,22.1997,0.77,92,75,7.58,RU,2021-01-16 17:32:42
351,Marsa Matruh,31.3525,27.2453,64.4,48,75,13.8,EG,2021-01-16 17:32:42
352,Taitung,22.7583,121.1444,63.72,71,92,20.07,TW,2021-01-16 17:32:42
353,La Orilla,17.9833,-102.2333,84.31,55,100,5.59,MX,2021-01-16 17:32:43
354,Tessalit,20.1986,1.0114,64.35,20,92,10.96,ML,2021-01-16 17:32:43
355,Narsaq,60.9167,-46.05,23.0,58,75,8.05,GL,2021-01-16 17:30:52
356,Catuday,16.2923,119.8062,77.65,80,11,7.2,PH,2021-01-16 17:29:49
357,Whyalla,-33.0333,137.5833,62.6,77,75,14.97,AU,2021-01-16 17:32:44
358,Bundaberg,-24.85,152.35,75.99,83,40,4.79,AU,2021-01-16 17:32:44
359,Porto Novo,6.4965,2.6036,84.2,79,40,11.5,BJ,2021-01-16 17:32:44
360,Tevriz,57.509,72.4042,13.3,95,100,8.03,RU,2021-01-16 17:32:44
361,Loandjili,-4.7561,11.8578,82.4,78,20,10.36,CG,2021-01-16 17:32:45
362,Ormara,25.2088,64.6357,69.84,55,0,4.59,PK,2021-01-16 17:32:45
363,Sinamar,16.9,121.5667,67.98,87,83,2.48,PH,2021-01-16 17:32:45
364,Yima,34.7381,111.8839,36.0,99,20,14.27,CN,2021-01-16 17:32:45
365,Ilebo,-4.3167,20.5833,79.2,65,95,1.16,CD,2021-01-16 17:32:45
366,Olafsvik,64.8945,-23.7142,36.18,95,100,24.16,IS,2021-01-16 17:29:37
367,Gonda,27.1333,81.9333,53.67,54,0,3.02,IN,2021-01-16 17:32:46
368,Birao,10.2849,22.7882,77.52,18,25,4.76,CF,2021-01-16 17:32:46
369,Heide,54.2,9.1,30.99,88,100,1.99,DE,2021-01-16 17:32:46
370,Aranjuez,40.0311,-3.6025,35.6,80,0,2.3,ES,2021-01-16 17:32:46
371,Graaff-Reinet,-32.2522,24.5308,72.14,46,0,21.23,ZA,2021-01-16 17:32:46
372,Plum,40.5004,-79.7495,33.01,93,100,8.75,US,2021-01-16 17:32:47
373,Presidencia Roque Saenz Pena,-26.7852,-60.4388,97.02,41,94,2.89,AR,2021-01-16 17:32:47
374,Atar,20.5169,-13.0499,77.27,12,100,18.68,MR,2021-01-16 17:29:57
375,Nishihara,26.1842,127.7558,60.8,77,90,10.36,JP,2021-01-16 17:29:45
376,Sao Francisco De Assis,-29.5503,-55.1311,93.56,46,89,9.31,BR,2021-01-16 17:32:47
377,Puerto Narino,-3.7703,-70.3831,87.8,74,75,4.61,CO,2021-01-16 17:32:47
378,La Grande,45.3246,-118.0877,36.0,94,41,5.12,US,2021-01-16 17:29:01
379,Shenjiamen,29.9576,122.298,41.09,72,31,22.62,CN,2021-01-16 17:32:48
380,Uvira,-3.4067,29.1458,73.47,68,88,2.44,CD,2021-01-16 17:32:48
381,Aripuana,-9.1667,-60.6333,85.19,72,91,2.26,BR,2021-01-16 17:31:01
382,Kralendijk,12.15,-68.2667,82.4,69,0,9.22,BQ,2021-01-16 17:30:13
383,Kayanga,-1.5303,31.1511,59.34,94,70,1.63,TZ,2021-01-16 17:32:48
384,Kalmunai,7.4167,81.8167,77.56,81,76,1.54,LK,2021-01-16 17:32:48
385,Svetlyy,54.675,20.1347,10.4,79,0,13.42,RU,2021-01-16 17:32:49
386,Harlingen,26.1906,-97.6961,64.99,29,1,4.61,US,2021-01-16 17:31:16
387,Copacabana,6.3463,-75.5089,73.0,49,40,6.91,CO,2021-01-16 17:32:49
388,Poum,-20.2333,164.0167,81.18,81,100,4.76,NC,2021-01-16 17:31:14
389,Manadhoo,5.7667,73.3833,81.45,78,61,9.01,MV,2021-01-16 17:32:49
390,Sur,22.5667,59.5289,68.4,67,0,5.23,OM,2021-01-16 17:32:49
391,Weihai,37.5017,122.1136,28.81,86,62,19.08,CN,2021-01-16 17:32:50
392,Katherine,-14.4667,132.2667,82.4,69,97,3.44,AU,2021-01-16 17:30:31
393,Honningsvag,70.9821,25.9704,38.21,76,99,20.8,NO,2021-01-16 17:32:50
394,Alekseyevka,50.6309,38.6903,6.04,93,86,11.41,RU,2021-01-16 17:32:50
395,Burnie,-41.0667,145.9167,48.99,75,82,3.0,AU,2021-01-16 17:28:09
396,Urubamba,-13.3047,-72.1158,59.0,55,75,6.42,PE,2021-01-16 17:32:50
397,Kokuy,52.2037,117.5529,-19.08,78,85,0.65,RU,2021-01-16 17:32:51
398,Nadym,65.5333,72.5167,-8.48,92,90,3.49,RU,2021-01-16 17:32:51
399,Pine Bluff,34.2284,-92.0032,46.0,49,1,11.5,US,2021-01-16 17:32:51
400,Fare,-16.7,-151.0167,81.14,77,1,11.59,PF,2021-01-16 17:30:11
401,Ukiah,39.1502,-123.2078,52.0,82,1,2.84,US,2021-01-16 17:27:17
402,Ancud,-41.8697,-73.8203,64.4,59,20,6.91,CL,2021-01-16 17:30:43
403,Kupang,-10.1667,123.5833,79.56,78,100,2.82,ID,2021-01-16 17:32:52
404,Barra Do Garcas,-15.89,-52.2567,81.27,73,100,5.1,BR,2021-01-16 17:32:52
405,Tahta,26.7693,31.5021,62.6,41,0,4.61,EG,2021-01-16 17:31:28
406,Quatre Cocos,-20.2078,57.7625,81.0,83,75,8.05,MU,2021-01-16 17:30:48
407,Praya,14.9215,-23.5087,77.0,50,99,23.02,CV,2021-01-16 17:32:53
408,Cooma,-36.2333,149.1333,42.8,81,0,5.75,AU,2021-01-16 17:32:53
409,Atikokan,48.7555,-91.6216,20.03,97,100,4.09,CA,2021-01-16 17:31:33
410,Mount Gambier,-37.8333,140.7667,48.2,100,75,4.61,AU,2021-01-16 17:31:28
411,Ormstown,45.1334,-73.9992,33.01,100,100,11.5,CA,2021-01-16 17:32:53
412,Revelstoke,50.9832,-118.2023,32.0,93,90,2.3,CA,2021-01-16 17:32:18
413,Sao Joao Da Barra,-21.6403,-41.0511,87.8,51,20,23.02,BR,2021-01-16 17:29:31
414,Hella,67.2,14.4333,30.2,93,20,12.66,NO,2021-01-16 17:32:54
415,Santo Domingo,18.5001,-69.9886,87.8,62,40,5.19,DO,2021-01-16 17:32:54
416,Kefalos,36.7453,26.9589,50.0,76,40,17.27,GR,2021-01-16 17:32:54
417,Portland,45.5234,-122.6762,44.01,81,90,5.75,US,2021-01-16 17:28:17
418,Lieto,60.5103,22.4618,-0.4,85,0,1.14,FI,2021-01-16 17:32:55
419,Porto Belo,-27.1578,-48.5531,86.0,78,75,13.8,BR,2021-01-16 17:31:51
420,Tuatapere,-46.1333,167.6833,62.01,73,100,3.0,NZ,2021-01-16 17:29:46
421,Chernyshevskiy,63.0128,112.4714,-42.5,81,76,3.22,RU,2021-01-16 17:30:21
422,Juneau,58.3019,-134.4197,39.2,87,90,16.11,US,2021-01-16 17:31:26
423,Saint-Joseph,-21.3667,55.6167,82.4,78,75,4.61,RE,2021-01-16 17:30:24
424,Alihe,50.5667,123.7167,-16.49,84,0,2.59,CN,2021-01-16 17:32:56
425,Tahlequah,35.9154,-94.97,41.0,65,1,6.91,US,2021-01-16 17:32:56
426,Gazanjyk,39.2446,55.5154,47.79,71,32,14.74,TM,2021-01-16 17:32:56
427,Tadepallegudem,16.8333,81.5,66.69,89,30,3.31,IN,2021-01-16 17:32:57
428,Saurimo,-9.6608,20.3916,67.1,90,43,3.51,AO,2021-01-16 17:32:57
429,Bozdar,27.1828,68.636,51.8,76,0,3.6,PK,2021-01-16 17:32:57
430,Morant Bay,17.8815,-76.4093,87.01,58,20,5.75,JM,2021-01-16 17:32:57
431,Bardiyah,31.7561,25.0865,60.75,57,27,17.07,LY,2021-01-16 17:32:57
432,Oranjestad,12.524,-70.027,86.0,62,40,14.97,AW,2021-01-16 17:32:57
433,Broome,42.2506,-75.833,33.01,93,90,6.91,US,2021-01-16 17:32:58
434,Tadine,-21.55,167.8833,78.67,87,100,4.9,NC,2021-01-16 17:32:58
435,Isiro,2.7739,27.616,72.64,65,95,2.59,CD,2021-01-16 17:32:58
436,Skuratovskiy,54.1108,37.6011,3.67,95,100,10.56,RU,2021-01-16 17:32:59
437,Letlhakane,-21.4167,25.5833,77.92,66,85,10.94,BW,2021-01-16 17:32:59
438,Lata,40.1629,-8.3327,52.0,76,0,7.0,PT,2021-01-16 17:32:59
439,Nabire,-3.3667,135.4833,77.5,88,100,4.61,ID,2021-01-16 17:32:59
440,Londa,15.4691,74.5191,73.4,64,40,4.61,IN,2021-01-16 17:32:59
441,Aklavik,68.2191,-135.0107,-14.8,84,75,2.3,CA,2021-01-16 17:32:59
442,Lorengau,-2.0226,147.2712,82.35,80,100,12.28,PG,2021-01-16 17:29:43
443,Libreville,0.3925,9.4537,82.4,83,20,6.91,GA,2021-01-16 17:33:00
444,Husavik,66.0449,-17.3389,35.6,93,75,3.44,IS,2021-01-16 17:31:05
445,La Suiza,9.8524,-83.6133,73.4,60,40,17.27,CR,2021-01-16 17:33:00
446,Alyangula,-13.8483,136.4192,80.6,89,75,10.36,AU,2021-01-16 17:33:00
447,Almaznyy,48.0448,40.045,10.4,72,0,4.47,RU,2021-01-16 17:33:00
448,Katsuura,35.1333,140.3,46.0,53,75,11.5,JP,2021-01-16 17:30:15
449,Chuy,-33.6971,-53.4616,81.72,74,66,8.01,UY,2021-01-16 17:29:53
450,Rincon De La Victoria,36.7172,-4.2758,57.2,77,20,9.22,ES,2021-01-16 17:33:01
451,Fort Nelson,58.8053,-122.7002,5.0,78,20,3.44,CA,2021-01-16 17:32:50
452,Hailar,49.2,119.7,-12.19,87,86,8.5,CN,2021-01-16 17:33:01
453,Diffa,13.3154,12.6113,74.01,20,59,10.11,NE,2021-01-16 17:33:01
454,Emba,48.8264,58.1442,9.41,95,0,5.37,KZ,2021-01-16 17:33:02
455,Kirakira,-10.4544,161.9205,78.98,80,99,1.92,SB,2021-01-16 17:33:02
456,Urucara,-2.5364,-57.76,90.82,51,88,2.84,BR,2021-01-16 17:31:02
457,Sangar,63.9242,127.4739,-41.17,80,100,2.66,RU,2021-01-16 17:33:02
458,Biltine,14.5333,20.9167,72.55,19,12,6.93,TD,2021-01-16 17:33:02
459,Maragogi,-9.0122,-35.2225,83.41,59,15,10.74,BR,2021-01-16 17:33:03
460,Mahibadhoo,3.7833,72.9667,81.79,70,89,7.96,MV,2021-01-16 17:33:03
461,Stornoway,58.2093,-6.3865,44.6,81,75,19.57,GB,2021-01-16 17:33:03
462,Cayenne,4.9333,-52.3333,84.2,65,90,13.8,GF,2021-01-16 17:33:03
463,Chimbote,-9.0853,-78.5783,75.43,70,61,10.45,PE,2021-01-16 17:33:03
464,Ajdabiya,30.7554,20.2263,59.2,64,12,17.87,LY,2021-01-16 17:33:04
465,Bereda,43.2686,-7.5406,46.0,85,31,1.01,ES,2021-01-16 17:33:04
466,Presidente Medici,-11.1753,-61.9014,78.8,93,87,4.56,BR,2021-01-16 17:33:04
467,Pudozh,61.8099,36.5345,-8.54,90,1,2.59,RU,2021-01-16 17:33:04
468,San Ignacio,17.1561,-89.0714,73.4,83,75,9.22,BZ,2021-01-16 17:33:00
469,Zaruma,-3.6833,-79.6167,80.6,60,90,1.14,EC,2021-01-16 17:33:04
470,Kholtoson,50.2981,103.3097,-10.8,80,49,3.69,RU,2021-01-16 17:33:05
471,Rodez,44.5,2.5833,33.01,80,0,2.3,FR,2021-01-16 17:33:05
472,Ossora,59.2353,163.0719,-16.1,82,21,5.97,RU,2021-01-16 17:31:30
473,Shahr-E Babak,30.1165,55.1186,45.64,50,0,2.24,IR,2021-01-16 17:33:05
474,Alofi,-19.0595,-169.9187,71.6,100,73,1.14,NU,2021-01-16 17:29:36
475,Zhenhai,24.2582,118.0905,53.6,54,0,11.18,CN,2021-01-16 17:33:05
476,Samarai,-10.6167,150.6667,83.28,80,100,14.7,PG,2021-01-16 17:31:32
477,Bakchar,57.0186,82.0711,8.24,93,100,6.93,RU,2021-01-16 17:33:06
478,Bowmore,34.9421,-79.3031,48.2,43,1,21.85,US,2021-01-16 17:33:06
479,Kiunga,-6.1219,141.2906,74.01,99,100,1.52,PG,2021-01-16 17:33:06
480,Gaspar,-26.9314,-48.9589,86.0,78,75,13.8,BR,2021-01-16 17:33:07
481,Bollnas,61.3482,16.3946,21.0,98,25,1.01,SE,2021-01-16 17:33:07
482,Iquique,-20.2208,-70.1431,77.0,44,0,10.36,CL,2021-01-16 17:25:49
483,Lampa,-33.2833,-70.9,88.0,28,0,13.8,CL,2021-01-16 17:33:07
484,Constitucion,-35.3333,-72.4167,68.76,41,0,18.92,CL,2021-01-16 17:29:56
485,Chaohu,31.6,117.8667,36.0,74,0,2.24,CN,2021-01-16 17:33:07
486,Maldonado,-34.6667,-54.9167,77.0,83,20,14.97,UY,2021-01-16 17:31:50
487,Villamontes,-21.25,-63.5,100.04,33,13,8.95,BO,2021-01-16 17:33:08
488,Thabazimbi,-24.5917,27.4116,79.0,74,80,0.54,ZA,2021-01-16 17:33:08
489,Kozhva,65.1073,57.0459,-13.31,89,35,7.81,RU,2021-01-16 17:33:08
490,Gat,31.61,34.7642,57.0,16,0,8.7,IL,2021-01-16 17:31:05
491,Kysyl-Syr,63.8986,122.7617,-40.58,80,100,5.14,RU,2021-01-16 17:33:08
492,Ixtapa,20.7,-105.2,73.4,64,40,3.85,MX,2021-01-16 17:32:02
493,Riyadh,24.6877,46.7219,68.0,37,0,3.44,SA,2021-01-16 17:25:41
494,High Rock,26.6208,-78.2833,69.8,56,75,16.11,BS,2021-01-16 17:33:09
495,El Triunfo,-1.9333,-79.9667,82.4,74,75,4.61,EC,2021-01-16 17:33:09
496,George Town,5.4112,100.3354,80.6,83,20,4.45,MY,2021-01-16 17:32:04
497,General Roca,-39.0333,-67.5833,71.6,40,40,3.44,AR,2021-01-16 17:33:09
498,Beyneu,45.3167,55.2,31.39,92,31,7.2,KZ,2021-01-16 17:33:10
499,Lasa,46.6166,10.7002,28.0,67,0,6.91,IT,2021-01-16 17:30:39
500,Buriti Bravo,-5.8372,-43.8336,82.29,81,66,2.86,BR,2021-01-16 17:33:10
501,Gumrak,48.7826,44.3824,6.8,78,0,17.9,RU,2021-01-16 17:33:10
502,Kisangani,0.5167,25.2,72.9,87,88,1.25,CD,2021-01-16 17:33:10
503,Beneditinos,-5.45,-42.3667,87.8,62,75,6.91,BR,2021-01-16 17:33:10
504,Pavlovka,52.6897,47.1405,10.96,94,100,16.64,RU,2021-01-16 17:33:10
505,Jieshi,22.8134,115.8257,57.0,74,0,21.92,CN,2021-01-16 17:30:28
506,Tjome,59.1109,10.3933,18.0,92,0,4.61,NO,2021-01-16 17:33:11
507,Vikhorevka,56.1201,101.1636,-9.4,77,100,6.71,RU,2021-01-16 17:33:11
508,Hambantota,6.1241,81.1185,76.39,87,90,9.48,LK,2021-01-16 17:33:11
509,Goure,13.9835,10.2704,72.16,18,50,7.05,NE,2021-01-16 17:33:11
510,Pailon,-17.65,-62.75,82.4,74,75,25.32,BO,2021-01-16 17:33:12
511,Gao,16.6362,1.637,78.17,16,0,8.59,ML,2021-01-16 17:33:12
512,Bonavista,48.6499,-53.1147,33.01,80,100,5.75,CA,2021-01-16 17:33:12
513,Minnedosa,50.2453,-99.8436,19.4,86,20,12.66,CA,2021-01-16 17:33:12
514,Tuyen Quang,21.8233,105.2181,63.45,80,100,1.28,VN,2021-01-16 17:33:12
515,Mpika,-11.8343,31.4529,63.52,94,59,1.34,ZM,2021-01-16 17:33:12
516,Katghora,22.5,82.55,55.09,37,0,5.53,IN,2021-01-16 17:33:13
517,Bhopalwala,32.4289,74.3633,48.2,100,90,2.55,PK,2021-01-16 17:33:13
518,Raudeberg,61.9875,5.1352,33.8,64,40,20.71,NO,2021-01-16 17:33:13
519,Chapada Dos Guimaraes,-15.4606,-55.7497,87.8,62,40,13.8,BR,2021-01-16 17:33:13
520,Salinopolis,-0.6136,-47.3561,85.14,64,74,11.18,BR,2021-01-16 17:28:54
521,Sao Joao Do Piaui,-8.3581,-42.2467,94.19,33,29,6.78,BR,2021-01-16 17:33:14
522,Muros,42.7762,-9.0603,54.0,80,31,2.04,ES,2021-01-16 17:33:14
523,Boende,-0.2167,20.8667,75.24,79,91,1.83,CD,2021-01-16 17:33:14
524,Bila,43.7825,16.9253,33.8,40,0,5.75,BA,2021-01-16 17:33:14
525,Nieuw Amsterdam,5.8833,-55.0833,86.0,62,75,13.8,SR,2021-01-16 17:33:14
526,Ewa Beach,21.3156,-158.0072,73.0,78,90,3.44,US,2021-01-16 17:33:15
527,Kumbhraj,24.3667,77.05,62.17,30,0,7.2,IN,2021-01-16 17:33:15
528,Kirando,-7.4167,30.6,72.61,77,61,2.08,TZ,2021-01-16 17:33:15
529,Sapele,5.8941,5.6767,82.44,68,63,6.06,NG,2021-01-16 17:33:15
530,Chiungutwa,-10.8833,38.9833,75.49,89,40,3.69,TZ,2021-01-16 17:33:16
531,Port-Gentil,-0.7193,8.7815,84.2,79,40,10.36,GA,2021-01-16 17:32:23
532,Port Hedland,-20.3167,118.5667,87.8,79,75,3.44,AU,2021-01-16 17:33:16
533,Paranaiba,-19.6772,-51.1908,85.53,58,97,11.14,BR,2021-01-16 17:33:16
534,Anapskaya,44.89,37.38,24.8,74,79,20.13,RU,2021-01-16 17:33:16
535,Takoradi,4.8845,-1.7554,80.98,77,71,10.51,GH,2021-01-16 17:33:16
536,Atyrau,47.1167,51.8833,26.6,100,90,11.18,KZ,2021-01-16 17:33:17
537,Samoded,63.6083,40.5111,-9.18,91,97,1.95,RU,2021-01-16 17:33:17
538,Taoudenni,22.6783,-3.9836,65.55,22,32,11.23,ML,2021-01-16 17:33:17
539,Dasoguz,41.8363,59.9666,30.2,93,0,6.91,TM,2021-01-16 17:33:17
540,Kiruna,67.8557,20.2251,14.0,85,20,9.22,SE,2021-01-16 17:28:57
541,Ilhabela,-23.7781,-45.3581,83.5,67,29,5.68,BR,2021-01-16 17:31:22
542,Prigorodnyy,51.7661,55.2665,15.8,92,75,8.95,RU,2021-01-16 17:33:17
543,Necochea,-38.5473,-58.7368,70.0,70,68,16.24,AR,2021-01-16 17:33:18
544,Trairi,-3.2778,-39.2689,86.43,61,24,14.5,BR,2021-01-16 17:31:02
545,Nyagan,62.1406,65.3936,-5.66,90,100,6.22,RU,2021-01-16 17:33:18
546,Waingapu,-9.6567,120.2641,77.38,84,100,5.08,ID,2021-01-16 17:33:18
547,Dinagat,9.9561,125.5933,82.26,77,99,11.48,PH,2021-01-16 17:33:18
548,Jacobina,-11.1806,-40.5183,86.43,44,95,9.55,BR,2021-01-16 17:33:19
549,Port Lincoln,-34.7333,135.8667,58.91,83,65,8.23,AU,2021-01-16 17:33:19
550,Hobyo,5.3505,48.5268,77.14,80,0,18.34,SO,2021-01-16 17:30:42
551,Kalangala,-0.3089,32.225,72.81,66,53,3.78,UG,2021-01-16 17:33:19
552,Petropavlovka,50.6114,105.3196,-9.99,81,44,5.59,RU,2021-01-16 17:33:19
553,Salym,60.0625,71.4789,8.49,96,100,5.66,RU,2021-01-16 17:33:20
554,Saint-Pierre,-21.3393,55.4781,82.4,78,75,4.61,RE,2021-01-16 17:29:35
555,Westport,41.1415,-73.3579,45.0,93,90,8.05,US,2021-01-16 17:26:19
556,Marana,32.4367,-111.2254,63.0,17,1,1.5,US,2021-01-16 17:33:20
557,Lambarene,-0.7001,10.2406,77.25,88,97,5.08,GA,2021-01-16 17:33:20
558,Bandar-E Lengeh,26.5579,54.8807,68.0,83,0,6.91,IR,2021-01-16 17:33:20
559,Kargasok,59.0556,80.8572,4.87,94,88,7.23,RU,2021-01-16 17:33:20
560,Nelson Bay,-32.7167,152.15,60.01,88,0,8.05,AU,2021-01-16 17:31:33
561,Merauke,-8.4667,140.3333,78.84,88,100,7.47,ID,2021-01-16 17:33:21
562,Ozernovskiy,51.5,156.5167,22.23,92,100,10.36,RU,2021-01-16 17:33:21
563,Kamenka,51.3223,42.7678,10.0,87,100,15.77,RU,2021-01-16 17:33:21
564,Zamora,-4.0692,-78.9567,75.2,60,90,1.14,EC,2021-01-16 17:33:22
565,Tecoanapa,16.5167,-98.75,82.76,62,64,8.16,MX,2021-01-16 17:33:22
566,Yarensk,62.1675,49.0916,-4.99,90,80,7.61,RU,2021-01-16 17:33:22
567,Pampa,35.5362,-100.9599,46.4,27,1,13.8,US,2021-01-16 17:28:26
568,Nongan,44.382,125.1685,-5.8,65,0,13.42,CN,2021-01-16 17:33:22
569,Vila Franca Do Campo,37.7167,-25.4333,63.0,100,75,10.36,PT,2021-01-16 17:30:07
570,Bud,39.447,-86.1758,32.0,92,89,13.85,US,2021-01-16 17:33:23
571,Lavrentiya,65.5833,-171.0,-6.23,86,100,7.02,RU,2021-01-16 17:33:23
572,Strezhevoy,60.7333,77.5889,-0.4,92,0,4.47,RU,2021-01-16 17:33:23
573,Sergeyevka,53.88,67.4158,18.73,96,100,15.88,KZ,2021-01-16 17:33:24
574,Kundiawa,-6.0167,144.9667,60.39,77,100,2.66,PG,2021-01-16 17:33:24
575,Erbaa,40.6689,36.5675,44.6,76,75,3.44,TR,2021-01-16 17:33:24
576,Yuxia,34.0615,108.6291,34.0,33,0,11.18,CN,2021-01-16 17:33:24
577,Wattegama,6.7989,81.4808,72.61,90,100,3.06,LK,2021-01-16 17:33:24
578,Mahanoro,-19.9,48.8,78.76,86,48,6.89,MG,2021-01-16 17:33:25
579,Oruro,-17.9833,-67.15,61.99,43,93,3.4,BO,2021-01-16 17:33:22
580,Tucumcari,35.1717,-103.725,35.6,44,20,5.75,US,2021-01-16 17:33:25
581,Mirnyy,62.5353,113.9611,-45.4,78,64,4.88,RU,2021-01-16 17:33:25
582,Udachnyy,66.4167,112.4,-33.61,80,100,12.95,RU,2021-01-16 17:33:25
583,Concordia,-31.393,-58.0209,80.6,69,75,14.97,AR,2021-01-16 17:33:26
584,Miguel Hidalgo,19.4225,-99.2028,64.4,34,40,1.61,MX,2021-01-16 17:33:26
585,Lodwar,3.1191,35.5973,88.77,36,20,14.65,KE,2021-01-16 17:33:26
586,Nan,18.8333,100.6667,62.08,61,16,1.34,TH,2021-01-16 17:33:26
587,Wuning,29.2589,120.2311,35.78,82,73,4.85,CN,2021-01-16 17:33:26
588,Halifax,44.6453,-63.5724,34.0,80,98,17.27,CA,2021-01-16 17:30:03
589,Mezen,65.8522,44.24,-8.64,91,74,4.68,RU,2021-01-16 17:33:27
590,Sioux Lookout,50.1001,-91.917,12.2,85,90,3.44,CA,2021-01-16 17:32:36
591,Oksfjord,70.2396,22.3479,33.8,93,90,1.14,NO,2021-01-16 17:33:27
592,Coquimbo,-29.9533,-71.3436,64.4,68,0,17.27,CL,2021-01-16 17:30:44
593,Karratha,-20.7377,116.8463,89.67,50,63,8.81,AU,2021-01-16 17:31:13
594,Panzhihua,26.5851,101.7128,45.0,63,97,4.05,CN,2021-01-16 17:33:27
595,College,64.8569,-147.8028,7.0,84,40,3.47,US,2021-01-16 17:29:56
596,Beri,25.9031,79.8902,53.15,55,0,2.53,IN,2021-01-16 17:33:28
597,Pimentel,-6.8367,-79.9342,77.0,73,20,2.3,PE,2021-01-16 17:33:28
598,Tomball,30.0972,-95.6161,55.99,28,1,4.61,US,2021-01-16 17:31:20
599,Calais,50.9167,1.8333,34.0,97,100,4.0,FR,2021-01-16 17:33:28
600,Van Buren,35.4368,-94.3483,42.01,56,1,12.66,US,2021-01-16 17:33:28
601,Bloemfontein,-29.1211,26.214,75.2,33,20,10.36,ZA,2021-01-16 17:32:46
602,Waitati,-45.75,170.5667,62.01,92,100,7.0,NZ,2021-01-16 17:33:29
603,Zhigalovo,54.8097,105.1578,-18.85,84,97,1.79,RU,2021-01-16 17:33:29
604,Preobrazheniye,42.9019,133.9064,5.32,77,0,8.66,RU,2021-01-16 17:33:29
605,Sukhumi,43.0033,41.0153,46.26,58,100,4.56,GE,2021-01-16 17:33:29
606,Aviles,43.5547,-5.9248,52.0,81,0,6.91,ES,2021-01-16 17:33:30
607,Buala,-8.145,159.5921,80.29,79,100,6.29,SB,2021-01-16 17:30:22
608,Banda Aceh,5.5577,95.3222,78.12,79,100,5.64,ID,2021-01-16 17:30:43
609,Bubaque,11.2833,-15.8333,77.88,64,51,11.32,GW,2021-01-16 17:33:30
610,Skibotn,69.3913,20.2679,33.8,93,75,6.91,NO,2021-01-16 17:33:31
611,Carutapera,-1.195,-46.02,86.31,60,59,9.62,BR,2021-01-16 17:33:31
612,Governador Valadares,-18.8511,-41.9494,80.76,77,100,8.25,BR,2021-01-16 17:33:31
613,Kirkenaer,60.4564,12.0582,8.6,92,40,2.3,NO,2021-01-16 17:33:31
614,Ouesso,1.6136,16.0517,81.27,49,72,1.12,CG,2021-01-16 17:33:32
615,Vao,-22.6667,167.4833,77.83,89,100,11.16,NC,2021-01-16 17:33:32
616,Exeter,50.7236,-3.5275,46.99,87,99,10.65,GB,2021-01-16 17:30:03
617,Sao Jose Da Coroa Grande,-8.8978,-35.1478,83.25,58,22,10.33,BR,2021-01-16 17:33:32
618,Fuyang,32.9,115.8167,34.21,77,100,1.48,CN,2021-01-16 17:33:32
619,Banamba,13.55,-7.45,81.54,14,93,7.65,ML,2021-01-16 17:33:33
620,Shache,38.4167,77.2406,18.55,84,0,3.42,CN,2021-01-16 17:33:33
621,Taseyevo,57.2169,94.8978,5.7,94,100,7.31,RU,2021-01-16 17:33:33
622,Acarau,-2.8856,-40.12,86.36,60,23,18.1,BR,2021-01-16 17:33:33
623,Kytmanovo,53.4593,85.4479,10.58,87,93,5.55,RU,2021-01-16 17:33:33
624,Uvinza,-5.1036,30.3911,66.65,91,36,2.13,TZ,2021-01-16 17:33:33
625,Baindur,13.8667,74.6333,79.57,77,30,2.1,IN,2021-01-16 17:33:34
626,Chapais,49.7834,-74.8492,24.8,86,90,11.5,CA,2021-01-16 17:32:44
627,San Jose,37.3394,-121.895,60.01,76,1,2.55,US,2021-01-16 17:29:24
628,Vestmannaeyjar,63.4427,-20.2734,37.4,93,90,31.07,IS,2021-01-16 17:29:43
629,Kalach-Na-Donu,48.691,43.5264,6.8,78,0,17.9,RU,2021-01-16 17:33:34
630,Puerto Palomas,31.7667,-107.6167,46.4,21,1,6.62,MX,2021-01-16 17:33:34
631,Quelimane,-17.8786,36.8883,81.25,81,100,4.16,MZ,2021-01-16 17:33:35
632,Santiago Del Estero,-27.7951,-64.2615,77.07,86,100,13.09,AR,2021-01-16 17:33:35
633,Beringovskiy,63.05,179.3167,-10.61,88,96,11.54,RU,2021-01-16 17:30:31
634,Valdivia,-39.8142,-73.2459,68.0,52,75,10.36,CL,2021-01-16 17:32:07
635,Corn Island,12.1694,-83.0418,80.35,76,100,12.01,NI,2021-01-16 17:33:35
636,Terralba,39.7192,8.6392,50.0,71,20,9.22,IT,2021-01-16 17:33:35
637,Dullewala,31.8359,71.4362,58.21,29,0,6.49,PK,2021-01-16 17:33:35
638,Arandis,-22.4167,14.9667,68.77,66,7,10.8,NA,2021-01-16 17:33:36
639,Sorong,-0.8833,131.25,78.35,88,100,9.17,ID,2021-01-16 17:33:36
640,Ust-Omchug,61.15,149.6333,-34.73,78,64,4.79,RU,2021-01-16 17:31:36
641,Meulaboh,4.1363,96.1285,76.28,87,100,4.74,ID,2021-01-16 17:29:49
642,Ceguaca,14.8,-88.2,66.2,82,75,11.5,HN,2021-01-16 17:33:36
643,Leczna,51.3012,22.8814,24.8,100,90,16.11,PL,2021-01-16 17:33:37
644,Lucapa,-8.4192,20.7447,67.98,94,22,2.68,AO,2021-01-16 17:33:37
645,Yamasaki,35.0,134.55,30.99,100,94,3.15,JP,2021-01-16 17:33:37
646,Oriximina,-1.7656,-55.8661,92.93,39,35,5.84,BR,2021-01-16 17:33:37
647,Boyolangu,-8.1181,111.8935,75.76,80,100,1.59,ID,2021-01-16 17:33:37
648,Mascote,-15.5631,-39.3025,84.2,74,75,11.5,BR,2021-01-16 17:33:38
649,Contamana,-7.3333,-75.0167,91.89,46,81,7.49,PE,2021-01-16 17:33:38
650,Port Hardy,50.6996,-127.4199,46.4,87,90,14.97,CA,2021-01-16 17:33:38
651,Bria,6.5423,21.9863,77.83,26,80,1.66,CF,2021-01-16 17:33:38
652,Riohacha,11.5444,-72.9072,86.63,51,73,14.12,CO,2021-01-16 17:33:38
653,Kurchum,48.5722,83.6542,4.84,78,41,3.87,KZ,2021-01-16 17:33:39
654,Goundam,16.4145,-3.6708,76.33,16,100,12.77,ML,2021-01-16 17:33:39
655,Sitka,57.0531,-135.33,44.6,65,90,16.11,US,2021-01-16 17:30:15
656,Tigil,57.8,158.6667,-4.18,85,95,7.38,RU,2021-01-16 17:33:39
657,Taltal,-25.4,-70.4833,69.08,59,7,5.28,CL,2021-01-16 17:30:49
658,Henties Bay,-22.116,14.2845,67.01,78,3,14.14,NA,2021-01-16 17:29:37
659,Lubango,-14.9172,13.4925,60.53,63,23,6.55,AO,2021-01-16 17:33:39
660,Timmins,48.4669,-81.3331,28.4,86,90,10.36,CA,2021-01-16 17:28:48
661,Iberia,29.9502,-91.7507,51.8,37,1,11.5,US,2021-01-16 17:33:40
662,Padang,-0.9492,100.3543,77.0,83,90,2.3,ID,2021-01-16 17:29:51
663,Saint-Denis,48.9167,2.3333,35.01,93,90,11.5,FR,2021-01-16 17:31:25
664,Deputatskiy,69.3,139.9,-22.2,89,100,2.3,RU,2021-01-16 17:29:34
665,Davila,18.4726,120.5763,75.45,75,0,18.77,PH,2021-01-16 17:33:40
666,Baiyin,36.5583,104.2081,18.0,78,0,6.71,CN,2021-01-16 17:33:41
667,Hof,50.3167,11.9167,25.0,86,90,9.22,DE,2021-01-16 17:33:41
668,Oranjemund,-28.55,16.4333,65.8,76,0,12.73,NA,2021-01-16 17:31:10
669,Touros,-5.1989,-35.4608,86.0,54,20,16.11,BR,2021-01-16 17:33:41
670,El Vendrell,41.2167,1.5333,51.01,100,2,1.99,ES,2021-01-16 17:33:41
671,Locri,38.2414,16.2623,50.0,50,20,12.66,IT,2021-01-16 17:33:42
672,Half Moon Bay,37.4636,-122.4286,57.99,93,90,8.05,US,2021-01-16 17:27:28
673,Kolokani,13.5728,-8.0339,82.35,14,85,7.74,ML,2021-01-16 17:33:42
674,Xapuri,-10.6517,-68.5044,87.8,66,75,10.36,BR,2021-01-16 17:33:42
675,Tanabe,33.7333,135.3667,44.89,64,97,16.71,JP,2021-01-16 17:32:18
676,Mayo,38.8876,-76.5119,46.99,61,1,6.91,US,2021-01-16 17:33:42
677,Aguimes,27.9054,-15.4461,66.99,63,75,17.27,ES,2021-01-16 17:33:43
678,Natal,-5.795,-35.2094,87.8,55,20,20.71,BR,2021-01-16 17:32:53
679,Linda,39.1277,-121.5508,53.6,66,1,6.91,US,2021-01-16 17:33:43
680,Evensk,61.95,159.2333,-22.0,75,0,8.21,RU,2021-01-16 17:29:41
681,Viedma,-40.8135,-62.9967,66.67,50,91,23.71,AR,2021-01-16 17:33:43
682,Campos Altos,-19.6961,-46.1714,75.61,73,88,6.31,BR,2021-01-16 17:30:00
683,Charters Towers,-20.1,146.2667,72.0,85,97,4.9,AU,2021-01-16 17:33:44
684,Ketchikan,55.3422,-131.6461,42.8,93,90,27.63,US,2021-01-16 17:29:43
685,Khash,28.2211,61.2158,49.77,36,0,3.15,IR,2021-01-16 17:29:40
686,San Rafael,-34.6177,-68.3301,75.29,22,1,10.98,AR,2021-01-16 17:30:35
687,Gamboma,-1.8764,15.8644,78.28,69,99,2.44,CG,2021-01-16 17:33:44
688,Moura,38.1401,-7.4486,57.2,58,0,5.75,PT,2021-01-16 17:32:54
689,Kang,-23.6752,22.7876,83.95,41,79,7.94,BW,2021-01-16 17:30:40
690,Pasighat,28.0667,95.3333,59.58,63,5,3.18,IN,2021-01-16 17:33:45
691,North Platte,41.1239,-100.7654,42.01,56,90,5.75,US,2021-01-16 17:30:11
692,Coihaique,-45.5752,-72.0662,68.0,49,40,9.22,CL,2021-01-16 17:29:58
693,Horadiz,39.4488,47.3353,35.6,93,20,6.91,AZ,2021-01-16 17:33:45
694,Bol,13.4586,14.7147,75.42,49,8,13.67,TD,2021-01-16 17:33:45
695,Vagur,61.4732,-6.8119,44.37,97,79,13.91,FO,2021-01-16 17:33:45
696,Pemangkat,1.1667,108.9667,77.94,87,100,10.07,ID,2021-01-16 17:33:46
697,Borgarnes,64.5383,-21.9206,35.6,87,75,25.32,IS,2021-01-16 17:33:46
698,Morehead,37.2711,-87.1764,39.0,60,90,6.91,US,2021-01-16 17:33:46
699,Kirovskiy,45.0917,133.5136,-14.3,89,32,4.16,RU,2021-01-16 17:33:46
700,Leander,30.5788,-97.8531,54.0,30,1,5.75,US,2021-01-16 17:28:59
701,Igarka,67.4667,86.5833,-21.98,80,81,8.61,RU,2021-01-16 17:29:47
702,Barraute,48.4335,-77.6328,30.99,93,90,9.22,CA,2021-01-16 17:33:47
703,Yulara,-25.2406,130.9889,66.2,68,90,8.05,AU,2021-01-16 17:30:50
704,Redmond,47.674,-122.1215,42.01,96,100,0.83,US,2021-01-16 17:33:47
705,Aquiraz,-3.9014,-38.3911,87.8,62,20,17.27,BR,2021-01-16 17:33:47
706,Terney,45.0503,136.6092,-2.11,85,75,12.95,RU,2021-01-16 17:33:47
