City_ID,City,Country,Lat,Lng,Max Temp,Humidity,Cloudiness,Wind Speed,Current Description,Date
0,Arraial Do Cabo,BR,-22.9661,-42.0278,77.0,78,0,17.27,clear sky,2021-01-17 23:00:09
1,Mayya,RU,61.7333,130.2811,-58.0,51,90,4.63,fog,2021-01-17 23:03:19
2,Puerto Ayora,EC,-0.7393,-90.3518,80.6,69,75,17.27,broken clouds,2021-01-17 23:03:19
3,Srednekolymsk,RU,67.45,153.6833,-41.1,81,40,3.0,scattered clouds,2021-01-17 23:03:19
4,Lagoa,PT,39.05,-27.9833,62.04,82,80,26.84,light rain,2021-01-17 23:02:34
5,Ushuaia,AR,-54.8,-68.3,55.4,71,75,3.44,broken clouds,2021-01-17 22:59:04
6,Rikitea,PF,-23.1203,-134.9692,78.96,74,15,14.05,few clouds,2021-01-17 23:03:20
7,Yellowknife,CA,62.456,-114.3525,1.4,85,90,4.61,mist,2021-01-17 23:01:19
8,Margate,GB,51.3813,1.3862,39.99,79,96,1.99,overcast clouds,2021-01-17 23:00:39
9,Naze,JP,28.3667,129.4833,50.0,81,40,10.36,scattered clouds,2021-01-17 23:03:20
10,Cape Town,ZA,-33.9258,18.4232,69.8,64,0,16.11,clear sky,2021-01-17 23:03:20
11,Leningradskiy,RU,69.3833,178.4167,-25.91,83,32,5.99,scattered clouds,2021-01-17 23:02:05
12,Walvis Bay,NA,-22.9575,14.5053,68.0,82,100,2.3,overcast clouds,2021-01-17 23:03:21
13,Dingle,PH,10.9995,122.6711,75.36,92,100,7.92,overcast clouds,2021-01-17 23:03:21
14,East London,ZA,-33.0153,27.9116,69.53,76,83,5.03,broken clouds,2021-01-17 23:03:21
15,Stonewall,CA,50.1344,-97.3268,12.2,85,90,6.91,snow,2021-01-17 23:00:10
16,Punta Arenas,CL,-53.15,-70.9167,62.6,59,0,36.82,clear sky,2021-01-17 23:01:32
17,Castro,BR,-24.7911,-50.0119,65.75,95,100,7.63,light rain,2021-01-17 23:03:22
18,Ballitoville,ZA,-29.539,31.2144,69.8,94,90,5.75,light rain,2021-01-17 23:03:22
19,Chuy,UY,-33.6971,-53.4616,68.32,64,67,9.22,broken clouds,2021-01-17 23:03:22
20,Mahebourg,MU,-20.4081,57.7,78.8,78,75,11.5,broken clouds,2021-01-17 23:01:28
21,Aklavik,CA,68.2191,-135.0107,-4.0,84,89,4.61,overcast clouds,2021-01-17 23:03:23
22,Port-Gentil,GA,-0.7193,8.7815,80.6,89,75,2.3,moderate rain,2021-01-17 23:03:23
23,Bilma,NE,18.6853,12.9164,62.31,27,100,16.78,overcast clouds,2021-01-17 23:03:23
24,Mattru,SL,7.6244,-11.8332,73.76,92,0,2.39,clear sky,2021-01-17 23:03:23
25,Avarua,CK,-21.2078,-159.775,86.0,66,20,9.22,few clouds,2021-01-17 23:03:23
26,Ilulissat,GL,69.2167,-51.1,21.2,79,75,13.8,broken clouds,2021-01-17 23:03:23
27,Hithadhoo,MV,-0.6,73.0833,80.8,70,82,6.93,broken clouds,2021-01-17 23:03:24
28,Togur,RU,58.3631,82.8265,15.67,96,100,13.78,light snow,2021-01-17 23:03:24
29,Pochutla,MX,15.7432,-96.4661,82.4,69,40,8.05,light rain,2021-01-17 23:03:24
30,Atuona,PF,-9.8,-139.0333,78.57,78,47,14.81,scattered clouds,2021-01-17 23:03:24
31,Plouzane,FR,48.3833,-4.6167,44.6,93,90,4.61,overcast clouds,2021-01-17 23:03:24
32,Gidam,IN,18.9833,81.4,56.86,40,0,1.43,clear sky,2021-01-17 23:03:25
33,Mashhad,IR,36.297,59.6062,46.4,46,0,6.91,clear sky,2021-01-17 23:03:25
34,Hovd,MN,48.0056,91.6419,-1.07,82,90,1.43,overcast clouds,2021-01-17 23:03:25
35,Sterling,US,39.0062,-77.4286,44.6,49,90,8.05,overcast clouds,2021-01-17 23:00:17
36,Soyo,AO,-6.1349,12.3689,79.16,79,52,8.37,broken clouds,2021-01-17 23:03:26
37,Alta Floresta,BR,-9.8756,-56.0861,78.8,89,75,1.14,broken clouds,2021-01-17 22:59:54
38,Luderitz,NA,-26.6481,15.1594,64.51,78,13,10.69,few clouds,2021-01-17 23:03:27
39,Port Blair,IN,11.6667,92.75,79.83,77,30,17.52,scattered clouds,2021-01-17 23:01:53
40,Huarmey,PE,-10.0681,-78.1522,72.36,76,51,10.22,broken clouds,2021-01-17 23:03:28
41,Hobart,AU,-42.8794,147.3294,64.0,55,75,19.57,broken clouds,2021-01-17 23:03:28
42,Barrow,US,71.2906,-156.7887,-2.2,71,90,16.11,overcast clouds,2021-01-17 23:03:28
43,Albany,US,42.6001,-73.9662,37.99,80,100,6.24,overcast clouds,2021-01-17 23:00:07
44,Itarema,BR,-2.9248,-39.9167,79.88,78,92,13.33,overcast clouds,2021-01-17 23:03:29
45,Pionerskiy,RU,54.9508,20.2275,10.99,79,75,6.71,broken clouds,2021-01-17 23:03:29
46,Dzhalil,RU,55.0239,52.7358,-11.02,92,97,3.98,overcast clouds,2021-01-17 23:03:29
47,Hilo,US,19.7297,-155.09,82.4,57,90,5.75,light rain,2021-01-17 23:03:29
48,Muskegon,US,43.3,-86.1334,33.8,93,90,6.2,light snow,2021-01-17 23:00:43
49,Bluff,NZ,-46.6,168.3333,62.01,54,76,7.0,broken clouds,2021-01-17 23:03:30
50,Faanui,PF,-16.4833,-151.75,81.73,75,0,14.88,clear sky,2021-01-17 23:03:30
51,Tautira,PF,-17.7333,-149.15,87.8,51,40,9.22,scattered clouds,2021-01-17 23:03:30
52,Victoria,HK,22.2855,114.1577,54.0,53,72,1.99,broken clouds,2021-01-17 23:02:03
53,Pozo Colorado,PY,-23.4923,-58.7972,68.76,85,100,4.85,overcast clouds,2021-01-17 23:03:30
54,Saldanha,ZA,-33.0117,17.9442,66.2,72,0,5.75,clear sky,2021-01-17 23:03:16
55,Bethel,US,41.3712,-73.414,39.99,56,90,5.75,overcast clouds,2021-01-17 23:03:31
56,Butaritari,KI,3.0707,172.7902,80.58,76,61,19.57,broken clouds,2021-01-17 23:00:54
57,Souillac,MU,-20.5167,57.5167,78.8,78,75,11.5,broken clouds,2021-01-17 23:03:31
58,Honningsvag,NO,70.9821,25.9704,35.13,96,100,15.3,light snow,2021-01-17 23:03:31
59,Zeya,RU,53.75,127.2667,-20.11,79,100,4.65,overcast clouds,2021-01-17 23:03:31
60,Sur,OM,22.5667,59.5289,67.21,58,2,4.45,clear sky,2021-01-17 23:03:32
61,Hami,CN,42.8,93.45,13.66,76,0,3.24,clear sky,2021-01-17 23:03:32
62,Shingu,JP,33.7333,135.9833,35.6,64,20,10.36,few clouds,2021-01-17 23:02:01
63,Victor Harbor,AU,-35.5667,138.6167,62.01,82,95,3.0,overcast clouds,2021-01-17 23:03:32
64,Kruisfontein,ZA,-34.0033,24.7314,68.0,77,68,7.29,broken clouds,2021-01-17 23:02:28
65,Airai,TL,-8.9266,125.4092,63.72,100,100,1.28,light rain,2021-01-17 23:03:32
66,Koboko,UG,3.4136,30.9599,70.43,28,20,3.47,few clouds,2021-01-17 23:03:33
67,Gat,IL,31.61,34.7642,53.01,100,73,1.01,light rain,2021-01-17 23:03:33
68,Kutum,SD,14.2,24.6667,55.35,33,0,8.14,clear sky,2021-01-17 23:03:11
69,Lebu,CL,-37.6167,-73.65,58.5,81,0,20.47,clear sky,2021-01-17 23:03:33
70,College,US,64.8569,-147.8028,5.0,85,75,2.3,broken clouds,2021-01-17 23:01:21
71,Mataura,NZ,-46.1927,168.8643,62.01,54,47,7.0,scattered clouds,2021-01-17 23:03:34
72,Fort-Shevchenko,KZ,44.5086,50.263,40.68,75,8,16.24,clear sky,2021-01-17 23:03:34
73,Roald,NO,62.5833,6.1333,41.0,70,40,8.05,scattered clouds,2021-01-17 23:03:34
74,Ixtapa,MX,20.7,-105.2,71.6,78,1,6.91,clear sky,2021-01-17 23:00:14
75,Chokurdakh,RU,70.6333,147.9167,-26.07,86,100,7.25,overcast clouds,2021-01-17 23:03:35
76,Maceio,BR,-9.6658,-35.7353,75.2,88,0,5.75,clear sky,2021-01-17 23:03:35
77,Arman,RU,59.7,150.1667,-13.4,86,100,17.05,overcast clouds,2021-01-17 23:03:35
78,Jamestown,US,42.097,-79.2353,33.01,93,90,6.91,light snow,2021-01-17 22:58:51
79,Shihezi,CN,44.3,86.0333,-4.68,87,0,0.96,clear sky,2021-01-17 23:03:37
80,Port Lincoln,AU,-34.7333,135.8667,61.39,75,100,11.54,overcast clouds,2021-01-17 23:03:37
81,Padang,ID,-0.9492,100.3543,75.2,94,75,2.3,light rain,2021-01-17 23:03:37
82,Touros,BR,-5.1989,-35.4608,78.8,78,20,6.91,few clouds,2021-01-17 23:03:37
83,Kampar,MY,4.3,101.15,77.0,83,20,3.44,few clouds,2021-01-17 23:00:25
84,Busselton,AU,-33.65,115.3333,69.01,59,19,1.99,few clouds,2021-01-17 23:01:35
85,Hermanus,ZA,-34.4187,19.2345,66.0,81,6,4.0,clear sky,2021-01-17 23:03:38
86,Kralendijk,BQ,12.15,-68.2667,78.8,78,30,9.22,scattered clouds,2021-01-17 23:03:38
87,Owando,CG,-0.4819,15.8999,71.29,92,94,1.41,light rain,2021-01-17 23:03:38
88,Maragogi,BR,-9.0122,-35.2225,77.4,82,1,9.06,clear sky,2021-01-17 23:03:38
89,Sao Joao Da Barra,BR,-21.6403,-41.0511,76.28,85,11,13.98,few clouds,2021-01-17 23:03:39
90,Abaza,RU,52.655,90.0928,13.77,90,44,4.56,scattered clouds,2021-01-17 23:03:39
91,Palkino,RU,57.5409,28.0126,15.8,92,92,4.47,light snow,2021-01-17 23:03:39
92,Hagondange,FR,49.2513,6.1681,36.0,92,100,1.99,overcast clouds,2021-01-17 23:03:39
93,Ahipara,NZ,-35.1667,173.1667,68.2,56,32,12.28,scattered clouds,2021-01-17 23:03:39
94,Richards Bay,ZA,-28.783,32.0377,71.58,88,73,7.02,broken clouds,2021-01-17 23:03:39
95,Ponta Do Sol,PT,32.6667,-17.1,59.0,63,75,5.75,broken clouds,2021-01-17 23:03:40
96,Xingcheng,CN,40.6167,120.7167,12.52,79,65,13.69,broken clouds,2021-01-17 23:03:40
97,Shimoda,JP,34.6667,138.95,34.0,80,57,1.01,broken clouds,2021-01-17 23:03:40
98,Longyearbyen,SJ,78.2186,15.6401,19.4,68,75,32.21,light snow,2021-01-17 23:03:40
99,Mao,ES,39.8885,4.2658,50.0,71,40,18.41,scattered clouds,2021-01-17 23:03:40
100,Yar-Sale,RU,66.8333,70.8333,-13.13,89,100,16.11,light snow,2021-01-17 23:03:40
101,Lasa,IT,46.6166,10.7002,30.0,74,75,6.91,broken clouds,2021-01-17 23:02:44
102,Upernavik,GL,72.7868,-56.1549,12.2,86,62,8.52,broken clouds,2021-01-17 23:03:41
103,Along,IN,28.1667,94.7667,51.49,71,0,1.9,clear sky,2021-01-17 23:03:41
104,Flinders,AU,-34.5833,150.8552,75.99,63,13,1.01,few clouds,2021-01-17 23:03:41
105,Geraldton,AU,-28.7667,114.6,82.4,54,79,5.75,broken clouds,2021-01-17 23:03:41
106,Vaini,TO,-21.2,-175.2,86.0,74,75,13.8,broken clouds,2021-01-17 23:03:42
107,Kushiro,JP,42.975,144.3747,8.6,92,20,5.75,few clouds,2021-01-17 23:01:22
108,Port Alfred,ZA,-33.5906,26.891,66.0,89,71,4.81,broken clouds,2021-01-17 23:03:42
109,Tuktoyaktuk,CA,69.4541,-133.0374,-4.0,84,90,9.22,overcast clouds,2021-01-17 23:00:54
110,Talnakh,RU,69.4865,88.3972,-8.07,77,100,5.06,overcast clouds,2021-01-17 23:03:42
111,Gizo,SB,-8.103,156.8419,84.47,74,54,11.21,broken clouds,2021-01-17 23:03:00
112,Ribeira Grande,PT,38.5167,-28.7,62.76,80,61,25.61,light rain,2021-01-17 23:03:43
113,San Lawrenz,MT,36.0553,14.204,57.0,76,40,28.77,scattered clouds,2021-01-17 23:03:43
114,Newark,US,40.7357,-74.1724,44.01,49,90,12.66,overcast clouds,2021-01-17 23:03:39
115,Kodiak,US,57.79,-152.4072,37.4,75,90,8.05,overcast clouds,2021-01-17 23:00:21
116,Georgetown,MY,5.4112,100.3354,78.8,61,20,12.66,few clouds,2021-01-17 23:01:52
117,Iskateley,RU,67.6803,53.1512,-16.11,89,14,3.18,few clouds,2021-01-17 23:03:45
118,Poum,NC,-20.2333,164.0167,83.14,78,62,9.73,moderate rain,2021-01-17 23:03:45
119,Chara,RU,56.9064,118.2631,-41.66,63,2,0.43,clear sky,2021-01-17 23:01:58
120,Boquira,BR,-12.8231,-42.7306,77.25,50,99,4.85,overcast clouds,2021-01-17 23:03:46
121,Kirakira,SB,-10.4544,161.9205,85.78,69,43,8.57,light rain,2021-01-17 23:03:46
122,Avera,US,33.194,-82.5271,48.2,49,1,3.44,clear sky,2021-01-17 23:03:46
123,Ornskoldsvik,SE,63.2909,18.7153,1.4,100,75,5.75,light snow,2021-01-17 23:03:46
124,Cherskiy,RU,68.75,161.3,-33.61,83,91,2.44,overcast clouds,2021-01-17 23:03:46
125,Khatanga,RU,71.9667,102.5,-25.64,81,0,13.89,clear sky,2021-01-17 23:01:47
126,Hermiston,US,45.8404,-119.2895,55.4,58,1,13.8,clear sky,2021-01-17 23:00:19
127,Vila Velha,BR,-20.3297,-40.2925,79.0,78,20,10.36,few clouds,2021-01-17 23:03:47
128,Caxias Do Sul,BR,-29.1681,-51.1794,68.0,99,96,4.0,overcast clouds,2021-01-17 23:01:50
129,Beringovskiy,RU,63.05,179.3167,-13.34,88,17,8.12,few clouds,2021-01-17 23:03:47
130,Ust-Kan,RU,50.9276,84.761,11.41,81,78,4.52,broken clouds,2021-01-17 23:03:47
131,Yuci,CN,37.6803,112.7319,12.2,52,0,5.61,clear sky,2021-01-17 23:03:48
132,Torbay,CA,47.6666,-52.7314,37.0,100,90,20.71,moderate rain,2021-01-17 23:03:48
133,Channel-Port Aux Basques,CA,47.5702,-59.1367,37.99,79,68,24.47,broken clouds,2021-01-17 23:03:48
134,Qaanaaq,GL,77.484,-69.3632,-2.04,74,4,5.35,clear sky,2021-01-17 23:01:40
135,Szczecinek,PL,53.7079,16.6994,8.01,85,11,4.85,few clouds,2021-01-17 23:03:48
136,Adrar,MR,20.5022,-10.0711,60.66,28,100,12.35,overcast clouds,2021-01-17 23:03:49
137,Kongoussi,BF,13.3258,-1.5347,73.58,19,72,9.82,broken clouds,2021-01-17 23:03:49
138,La Ronge,CA,55.1001,-105.2842,3.2,85,90,6.91,snow,2021-01-17 23:02:25
139,Dudinka,RU,69.4058,86.1778,-7.87,85,100,8.88,overcast clouds,2021-01-17 23:03:49
140,Berlevag,NO,70.8578,29.0864,33.8,86,75,19.57,light snow,2021-01-17 23:03:49
141,Constitucion,CL,-35.3333,-72.4167,65.37,61,0,16.8,clear sky,2021-01-17 23:01:55
142,Muravlenko,RU,63.7898,74.523,-12.95,90,93,11.39,overcast clouds,2021-01-17 23:03:50
143,Manicore,BR,-5.8092,-61.3003,80.74,72,48,1.72,scattered clouds,2021-01-17 23:03:50
144,Mareeba,AU,-17.0,145.4333,77.0,87,100,5.01,overcast clouds,2021-01-17 23:02:51
145,Pandaria,IN,22.2333,81.4167,54.88,39,0,2.08,clear sky,2021-01-17 23:03:51
146,Katsuura,JP,35.1333,140.3,39.0,68,96,1.99,overcast clouds,2021-01-17 23:03:51
147,Huanren,CN,41.2647,125.3667,6.53,92,100,2.57,overcast clouds,2021-01-17 23:03:51
148,Warri,NG,5.5167,5.75,78.08,86,0,5.17,clear sky,2021-01-17 23:03:51
149,Sao Filipe,CV,14.8961,-24.4956,72.05,73,0,5.66,clear sky,2021-01-17 23:03:51
150,Sitka,US,57.0531,-135.33,42.8,75,75,10.36,moderate rain,2021-01-17 23:03:52
151,Nioro,GM,13.35,-15.75,76.1,16,90,10.4,overcast clouds,2021-01-17 23:03:52
152,Toguchin,RU,55.2353,84.3858,17.91,94,92,18.23,overcast clouds,2021-01-17 23:03:52
153,Haines Junction,CA,60.7522,-137.5108,23.0,93,68,1.14,broken clouds,2021-01-17 23:03:52
154,Killybegs,IE,54.6333,-8.45,39.99,94,85,5.01,overcast clouds,2021-01-17 23:03:53
155,Mizdah,LY,31.4451,12.9801,43.09,63,0,9.98,clear sky,2021-01-17 23:03:53
156,Sabha,LY,27.0377,14.4283,43.77,59,0,5.37,clear sky,2021-01-17 23:03:53
157,Arlit,NE,18.7369,7.3853,65.95,25,100,6.76,overcast clouds,2021-01-17 23:03:54
158,Praia Da Vitoria,PT,38.7333,-27.0667,60.8,94,75,30.24,light rain,2021-01-17 23:03:54
159,New Norfolk,AU,-42.7826,147.0587,61.0,71,97,1.99,overcast clouds,2021-01-17 23:01:37
160,Half Moon Bay,US,37.4636,-122.4286,66.99,55,1,8.05,clear sky,2021-01-17 23:03:54
161,Dumas,US,35.8656,-101.9732,51.01,29,1,5.75,clear sky,2021-01-17 23:03:55
162,Kapaa,US,22.0752,-159.319,80.6,69,20,19.57,few clouds,2021-01-17 23:01:39
163,Farah,AF,32.5,62.5,44.71,47,55,0.47,broken clouds,2021-01-17 23:03:55
164,Hamilton,US,39.1834,-84.5333,34.0,86,90,6.91,overcast clouds,2021-01-17 23:03:55
165,Moranbah,AU,-22.0016,148.0466,80.65,57,24,16.62,few clouds,2021-01-17 23:03:55
166,Port Hardy,CA,50.6996,-127.4199,48.2,93,75,2.3,broken clouds,2021-01-17 23:00:00
167,Curup,ID,-3.4667,102.5333,67.01,93,100,2.91,heavy intensity rain,2021-01-17 23:03:56
168,Tahoua,NE,14.8888,5.2692,77.0,18,0,4.61,clear sky,2021-01-17 23:02:13
169,Khotynets,RU,53.1286,35.3966,-10.52,90,38,3.78,scattered clouds,2021-01-17 23:03:56
170,Azul,AR,-36.777,-59.8585,64.11,58,0,8.52,clear sky,2021-01-17 23:03:56
171,Oranjemund,NA,-28.55,16.4333,63.32,88,0,3.4,clear sky,2021-01-17 23:03:57
172,Kloulklubed,PW,7.0419,134.2556,75.2,88,90,6.91,light rain,2021-01-17 23:03:57
173,Les Cayes,HT,18.2,-73.75,75.34,80,88,4.05,overcast clouds,2021-01-17 23:03:01
174,Severo-Kurilsk,RU,50.6789,156.125,19.87,93,90,40.91,light snow,2021-01-17 23:03:57
175,Thinadhoo,MV,0.5333,72.9333,81.43,70,34,6.69,scattered clouds,2021-01-17 23:03:58
176,Aitape,PG,-3.1374,142.3475,83.26,78,81,7.81,light rain,2021-01-17 23:03:58
177,Porto Novo,BJ,6.4965,2.6036,82.4,83,20,8.05,few clouds,2021-01-17 23:03:58
178,San Patricio,US,28.017,-97.5169,73.4,52,20,11.5,few clouds,2021-01-17 23:03:58
179,Varadero,CU,23.1536,-81.2514,68.0,83,75,5.75,broken clouds,2021-01-17 23:03:58
180,Norsup,VU,-16.0667,167.3833,85.37,71,51,8.28,broken clouds,2021-01-17 23:03:59
181,Halifax,CA,44.6453,-63.5724,39.2,81,98,31.07,light rain,2021-01-17 23:03:35
182,Magdagachi,RU,53.45,125.8,-25.92,82,93,5.01,overcast clouds,2021-01-17 23:03:59
183,Miguel Hidalgo,MX,19.4225,-99.2028,57.2,58,75,11.5,light rain,2021-01-17 23:00:06
184,Kaeo,NZ,-35.1,173.7833,73.99,58,7,13.0,clear sky,2021-01-17 23:03:59
185,Havoysund,NO,70.9963,24.6622,35.6,87,75,9.22,broken clouds,2021-01-17 23:03:59
186,Demerval Lobao,BR,-5.3583,-42.6764,77.0,83,75,9.22,broken clouds,2021-01-17 23:04:00
187,Bengkulu,ID,-3.8004,102.2655,74.91,87,99,5.53,overcast clouds,2021-01-17 23:01:58
188,Jalu,LY,29.0331,21.5482,49.39,83,0,8.77,clear sky,2021-01-17 23:04:00
189,Gardendale,US,33.6601,-86.8128,51.8,35,20,12.66,few clouds,2021-01-17 23:04:00
190,Christchurch,NZ,-43.5333,172.6333,66.0,36,88,13.8,overcast clouds,2021-01-17 23:02:10
191,Le Vauclin,MQ,14.5452,-60.8388,77.0,83,75,11.5,broken clouds,2021-01-17 23:04:01
192,Nynashamn,SE,58.9034,17.9479,28.4,93,90,5.75,overcast clouds,2021-01-17 23:04:01
193,Matamoros,MX,25.5333,-103.25,75.2,9,1,10.13,clear sky,2021-01-17 23:04:01
194,Havre-Saint-Pierre,CA,50.2334,-63.5986,33.8,100,90,14.97,mist,2021-01-17 23:04:01
195,Alofi,NU,-19.0595,-169.9187,87.8,58,75,9.22,broken clouds,2021-01-17 23:04:01
196,Iquitos,PE,-3.7481,-73.2472,91.4,52,20,6.91,few clouds,2021-01-17 23:03:09
197,Bambanglipuro,ID,-7.95,110.2833,75.85,82,96,3.18,overcast clouds,2021-01-17 23:04:02
198,Norman Wells,CA,65.282,-126.8329,-9.4,77,90,2.3,overcast clouds,2021-01-17 23:04:02
199,Guarda,PT,40.5373,-7.2658,34.0,66,6,8.01,clear sky,2021-01-17 23:04:02
200,Santa Fe,AR,-31.6333,-60.7,75.99,41,0,3.0,clear sky,2021-01-17 23:04:02
201,Bredasdorp,ZA,-34.5322,20.0403,68.0,77,54,9.22,broken clouds,2021-01-17 23:04:03
202,Visnes,NO,59.3556,5.2242,39.0,93,90,13.8,overcast clouds,2021-01-17 23:04:03
203,Mar Del Plata,AR,-38.0023,-57.5575,63.0,77,75,12.66,broken clouds,2021-01-17 22:59:10
204,Manta,EC,-0.95,-80.7333,82.4,69,40,9.22,scattered clouds,2021-01-17 23:01:42
205,Batemans Bay,AU,-35.7167,150.1833,71.01,66,0,3.0,clear sky,2021-01-17 23:00:14
206,Ostrovnoy,RU,68.0531,39.5131,18.0,96,99,14.72,light snow,2021-01-17 23:04:04
207,Port Elizabeth,ZA,-33.918,25.5701,66.2,82,75,2.3,broken clouds,2021-01-17 23:02:08
208,Olafsvik,IS,64.8945,-23.7142,36.45,94,99,4.56,overcast clouds,2021-01-17 23:04:04
209,Kargala,RU,56.6208,83.9607,17.01,88,100,14.0,overcast clouds,2021-01-17 23:04:04
210,Barra Do Garcas,BR,-15.89,-52.2567,74.21,88,100,2.35,light rain,2021-01-17 23:00:53
211,Santa Cruz De Tenerife,ES,28.4682,-16.2546,61.0,87,20,4.61,few clouds,2021-01-17 23:04:05
212,Dikson,RU,73.5069,80.5464,-24.34,84,48,19.8,scattered clouds,2021-01-17 23:02:18
213,Thompson,CA,55.7435,-97.8558,-7.6,77,75,3.44,broken clouds,2021-01-17 23:00:11
214,Verkh-Usugli,RU,52.7,115.1667,-24.16,81,0,2.06,clear sky,2021-01-17 23:04:05
215,Nikolskoye,RU,59.7035,30.7861,18.0,93,75,6.71,snow,2021-01-17 23:04:05
216,Provideniya,RU,64.3833,-173.3,-2.2,65,90,11.18,overcast clouds,2021-01-17 23:04:06
217,Saint-Philippe,RE,-21.3585,55.7679,78.8,73,0,4.61,clear sky,2021-01-17 23:04:06
218,Vila Franca Do Campo,PT,37.7167,-25.4333,61.0,88,40,18.41,scattered clouds,2021-01-17 23:02:12
219,Kalemie,CD,-5.9475,29.1947,69.12,84,99,3.8,overcast clouds,2021-01-17 23:04:06
220,Syedove,UA,47.0768,38.156,17.01,53,100,8.01,snow,2021-01-17 23:04:06
221,Manakara,MG,-22.1333,48.0167,78.98,89,89,6.82,overcast clouds,2021-01-17 23:04:07
222,Bondo,CD,3.8146,23.6866,71.11,65,5,2.71,clear sky,2021-01-17 23:04:07
223,Esperance,AU,-33.8667,121.9,59.0,82,0,9.22,clear sky,2021-01-17 23:04:07
224,Terra Santa,BR,-2.1042,-56.4869,81.05,67,63,1.66,broken clouds,2021-01-17 23:04:07
225,Dauphin,CA,51.1494,-100.0502,2.75,93,85,4.07,overcast clouds,2021-01-17 23:04:07
226,Hasaki,JP,35.7333,140.8333,34.0,80,75,6.91,light snow,2021-01-17 23:04:07
227,Ambon,ID,-3.6954,128.1814,77.0,94,40,4.61,light rain,2021-01-17 23:04:08
228,Tuatapere,NZ,-46.1333,167.6833,62.01,54,75,7.0,light rain,2021-01-17 23:04:08
229,Laguna,US,38.421,-121.4238,71.01,43,1,2.04,clear sky,2021-01-17 23:04:08
230,Danville,US,36.586,-79.395,46.0,49,20,4.61,few clouds,2021-01-17 23:03:00
231,Bhinmal,IN,25.0,72.25,56.35,68,0,1.19,clear sky,2021-01-17 23:04:09
232,Neuquen,AR,-38.9516,-68.0591,91.4,22,0,3.44,clear sky,2021-01-17 23:00:30
233,Akdagmadeni,TR,39.6603,35.8836,22.23,96,100,6.06,overcast clouds,2021-01-17 23:04:09
234,Sao Felix Do Xingu,BR,-6.6447,-51.995,73.81,93,42,0.78,moderate rain,2021-01-17 23:04:09
235,Ust-Tsilma,RU,65.441,52.1498,-15.07,89,90,3.38,overcast clouds,2021-01-17 23:04:10
236,Coihaique,CL,-45.5752,-72.0662,62.6,55,75,10.36,broken clouds,2021-01-17 23:04:10
237,Saint-Francois,FR,46.4154,3.9054,36.0,100,90,3.44,overcast clouds,2021-01-17 23:04:10
238,Mount Gambier,AU,-37.8333,140.7667,57.2,94,75,14.97,broken clouds,2021-01-17 23:04:10
239,Venado Tuerto,AR,-33.7456,-61.9688,78.01,30,0,6.96,clear sky,2021-01-17 23:00:08
240,Iqaluit,CA,63.7506,-68.5145,-14.8,70,20,5.75,few clouds,2021-01-17 23:00:14
241,Paralimni,CY,35.0375,33.9833,51.01,75,20,3.44,few clouds,2021-01-17 23:04:11
242,Martinez,US,38.0194,-122.1341,75.2,29,1,4.61,clear sky,2021-01-17 23:04:11
243,Kununurra,AU,-15.7667,128.7333,84.2,65,35,4.61,scattered clouds,2021-01-17 23:01:50
244,Tinalmud,PH,13.5941,122.878,77.65,84,72,15.32,light rain,2021-01-17 23:04:11
245,Warrnambool,AU,-38.3833,142.4833,60.01,91,97,1.01,overcast clouds,2021-01-17 23:04:11
246,Humaita,BR,-7.5061,-63.0208,78.1,89,96,1.83,overcast clouds,2021-01-17 23:04:12
247,Terrace,CA,54.5163,-128.6035,41.0,93,75,9.22,light rain,2021-01-17 23:04:12
248,Kirkwall,GB,58.9848,-2.9587,41.0,87,40,18.41,scattered clouds,2021-01-17 23:04:12
249,Gwadar,PK,25.1216,62.3254,66.83,78,0,5.44,clear sky,2021-01-17 23:02:43
250,Iranshahr,IR,27.2025,60.6848,54.79,41,0,2.37,clear sky,2021-01-17 23:04:12
251,Lawton,US,34.6087,-98.3903,55.4,22,1,8.05,clear sky,2021-01-17 23:04:13
252,Gobabis,NA,-22.45,18.9667,72.82,34,80,9.66,broken clouds,2021-01-17 23:04:13
253,Ardesen,TR,41.1911,40.9875,44.6,87,90,14.97,moderate rain,2021-01-17 23:02:06
254,Yabrud,SY,33.9674,36.6574,44.6,87,40,13.8,scattered clouds,2021-01-17 23:04:13
255,Nicoya,CR,10.1483,-85.452,87.8,48,20,11.5,few clouds,2021-01-17 23:04:13
256,Hanna,CA,51.6334,-111.9018,35.6,87,94,8.05,overcast clouds,2021-01-17 23:04:13
257,Faya,SA,18.3851,42.4509,55.4,87,0,6.91,clear sky,2021-01-17 23:04:14
258,Rawson,AR,-43.3002,-65.1023,67.33,52,23,11.07,few clouds,2021-01-17 23:04:14
259,Lompoc,US,34.6391,-120.4579,80.01,22,0,12.66,clear sky,2021-01-17 23:04:14
260,Caravelas,BR,-17.7125,-39.2481,76.21,83,0,6.51,clear sky,2021-01-17 23:02:19
261,Cabo San Lucas,MX,22.8909,-109.9124,78.8,31,1,8.05,clear sky,2021-01-17 23:02:37
262,Timmins,CA,48.4669,-81.3331,6.8,78,75,4.61,broken clouds,2021-01-17 23:04:14
263,Novo Aripuana,BR,-5.1206,-60.3797,80.73,72,67,2.3,broken clouds,2021-01-17 23:04:15
264,Akyab,MM,20.15,92.9,62.22,77,0,7.14,clear sky,2021-01-17 23:04:15
265,Da Nang,VN,16.0678,108.2208,68.0,73,40,9.22,light rain,2021-01-17 23:04:15
266,Saint Anthony,US,45.0205,-93.218,21.99,86,90,3.44,overcast clouds,2021-01-17 23:04:15
267,Anloga,GH,5.7947,0.8973,82.4,83,40,6.91,scattered clouds,2021-01-17 23:04:16
268,Ugoofaaru,MV,5.6667,73.0,81.59,76,32,11.45,scattered clouds,2021-01-17 23:04:16
269,Contai,IN,21.7786,87.7536,59.05,71,8,5.12,clear sky,2021-01-17 23:04:16
270,Klaksvik,FO,62.2266,-6.589,33.8,93,75,16.11,light rain,2021-01-17 23:04:16
271,Oktyabrskiy,RU,54.4815,53.471,-10.62,89,59,2.51,broken clouds,2021-01-17 23:04:16
272,Le Mans,FR,48.0,0.2,33.8,93,0,2.3,clear sky,2021-01-17 23:04:16
273,Mayskiy,RU,47.6931,40.1025,17.6,93,90,13.42,heavy snow,2021-01-17 23:04:17
274,Liku,ID,-0.7275,119.8922,75.87,71,100,1.32,overcast clouds,2021-01-17 23:04:17
275,Tambacounda,SN,13.7539,-13.7586,78.8,14,0,9.22,clear sky,2021-01-17 23:04:17
276,Manzanillo,CU,20.3433,-77.1167,77.27,72,100,4.85,overcast clouds,2021-01-17 23:04:17
277,Bambous Virieux,MU,-20.3428,57.7575,80.01,78,75,11.5,broken clouds,2021-01-17 23:04:17
278,Saint George,US,37.1041,-113.5841,61.0,24,1,0.2,clear sky,2021-01-17 23:00:10
279,Karasburg,NA,-28.0167,18.75,73.33,34,0,9.57,clear sky,2021-01-17 23:04:18
280,Umm Lajj,SA,25.0213,37.2685,66.99,51,0,9.4,clear sky,2021-01-17 23:04:18
281,Sinegorsk,RU,47.1667,142.5,3.2,78,75,11.18,light snow,2021-01-17 23:04:18
282,Puerto El Triunfo,SV,13.2833,-88.55,93.2,40,20,5.75,few clouds,2021-01-17 23:04:18
283,Lorengau,PG,-2.0226,147.2712,84.97,74,82,15.19,broken clouds,2021-01-17 23:04:19
284,Inhambane,MZ,-23.865,35.3833,78.49,89,100,5.39,light rain,2021-01-17 23:04:19
285,Manaure,CO,11.7751,-72.4445,81.55,61,8,14.23,clear sky,2021-01-17 23:04:19
286,Grand Gaube,MU,-20.0064,57.6608,80.01,79,98,7.0,overcast clouds,2021-01-17 23:04:19
287,Dunedin,NZ,-45.8742,170.5036,64.0,49,78,13.0,broken clouds,2021-01-17 22:59:28
288,Pierre,US,44.3683,-100.351,39.2,48,1,9.22,clear sky,2021-01-17 23:00:58
289,Qixingtai,CN,30.4135,111.8874,34.0,83,0,3.24,clear sky,2021-01-17 23:04:20
290,San Carlos,VE,9.6612,-68.5827,78.87,55,56,3.31,broken clouds,2021-01-17 23:04:20
291,Plettenberg Bay,ZA,-34.0527,23.3716,64.87,89,18,7.36,few clouds,2021-01-17 23:04:20
292,San Martin,AR,-33.081,-68.4681,86.0,16,0,5.75,clear sky,2021-01-17 23:04:20
293,Honiara,SB,-9.4333,159.95,86.67,65,76,7.58,broken clouds,2021-01-17 23:04:21
294,Nago,JP,26.5881,127.9761,55.4,67,90,3.44,overcast clouds,2021-01-17 23:04:21
295,Burnie,AU,-41.0667,145.9167,60.98,66,83,14.2,broken clouds,2021-01-17 23:04:21
296,Muroto,JP,33.2833,134.15,28.4,74,20,6.91,few clouds,2021-01-17 23:00:37
297,Bilibino,RU,68.0546,166.4372,-28.21,82,86,1.86,overcast clouds,2021-01-17 23:04:22
298,Ambanja,MG,-13.6833,48.45,75.63,90,47,2.66,light rain,2021-01-17 23:04:22
299,Poplar Bluff,US,36.757,-90.3929,44.6,42,90,5.75,overcast clouds,2021-01-17 23:04:22
300,Bodrum,TR,37.0383,27.4292,41.0,81,40,3.44,scattered clouds,2021-01-17 23:04:22
301,Ixtacomitan,MX,17.4167,-93.1,72.43,82,66,3.58,broken clouds,2021-01-17 23:04:23
302,Lata,PT,40.1629,-8.3327,48.99,93,20,3.44,mist,2021-01-17 23:01:42
303,Naliya,IN,23.2667,68.8333,62.58,57,0,10.16,clear sky,2021-01-17 23:04:23
304,Jurm,AF,36.8648,70.8342,34.77,61,100,6.15,overcast clouds,2021-01-17 23:04:23
305,Brae,GB,60.3964,-1.353,44.6,81,75,26.46,light rain,2021-01-17 23:04:23
306,Kristinehamn,SE,59.3098,14.1081,30.2,100,90,9.22,overcast clouds,2021-01-17 23:04:24
307,Nanakuli,US,21.3906,-158.1547,78.01,69,90,4.61,overcast clouds,2021-01-17 23:04:24
308,Dhuri,IN,30.3667,75.8667,45.05,68,0,6.02,clear sky,2021-01-17 23:04:24
309,Leshukonskoye,RU,64.8989,45.7622,-6.84,91,94,3.04,overcast clouds,2021-01-17 23:04:24
310,Emilio Carranza,MX,19.9711,-96.6114,70.03,77,71,2.04,broken clouds,2021-01-17 23:04:24
311,Zhigansk,RU,66.7697,123.3711,-47.38,77,86,5.23,overcast clouds,2021-01-17 23:04:24
312,Denizli,TR,37.8402,29.0698,26.6,93,75,1.14,broken clouds,2021-01-17 23:04:25
313,Kantang,TH,7.4054,99.5156,73.47,85,64,4.32,broken clouds,2021-01-17 23:04:25
314,Heinola,FI,61.2056,26.0381,21.2,93,90,3.44,overcast clouds,2021-01-17 23:04:25
315,Kavieng,PG,-2.5744,150.7967,84.63,72,15,16.35,few clouds,2021-01-17 23:04:25
316,Los Llanos De Aridane,ES,28.6585,-17.9182,64.4,63,90,5.75,overcast clouds,2021-01-17 23:04:25
317,El Tigre,VE,8.8875,-64.2454,82.04,52,46,11.1,scattered clouds,2021-01-17 23:04:25
318,Broome,US,42.2506,-75.833,36.0,69,90,12.66,overcast clouds,2021-01-17 23:04:26
319,Tiksi,RU,71.6872,128.8694,-20.24,88,100,7.72,overcast clouds,2021-01-17 23:01:58
320,Tasiilaq,GL,65.6145,-37.6368,17.6,73,0,6.91,clear sky,2021-01-17 23:03:11
321,Saskylakh,RU,71.9167,114.0833,-28.03,84,72,6.15,broken clouds,2021-01-17 23:02:10
322,Carnarvon,AU,-24.8667,113.6333,80.6,78,98,5.75,overcast clouds,2021-01-17 23:04:26
323,Semikarakorsk,RU,47.5194,40.8112,17.6,93,90,13.42,heavy snow,2021-01-17 23:04:26
324,Puerto Suarez,BO,-18.95,-57.8,76.03,94,99,3.15,very heavy rain,2021-01-17 23:04:27
325,Isabela,PH,6.7085,121.9711,77.0,94,90,11.5,moderate rain,2021-01-17 23:04:27
326,Nizhniy Kuranakh,RU,58.8353,125.4869,-47.74,73,65,2.01,broken clouds,2021-01-17 23:04:27
327,Vasteras,SE,59.6162,16.5528,28.4,86,90,6.91,overcast clouds,2021-01-17 23:04:27
328,Pangnirtung,CA,66.1451,-65.7125,-16.69,80,86,2.98,overcast clouds,2021-01-17 23:04:27
329,Pacific Grove,US,36.6177,-121.9166,80.6,27,1,5.75,clear sky,2021-01-17 23:01:49
330,General Pico,AR,-35.6566,-63.7568,81.36,16,0,7.27,clear sky,2021-01-17 23:04:28
331,Come,BJ,6.4076,1.882,82.4,83,20,8.05,few clouds,2021-01-17 23:04:28
332,Kangaatsiaq,GL,68.3065,-53.4641,13.46,93,83,16.02,light snow,2021-01-17 23:04:28
333,Sisimiut,GL,66.9395,-53.6735,17.08,94,100,17.31,light snow,2021-01-17 23:04:28
334,Slonim,BY,53.0867,25.3219,-5.6,89,0,4.68,clear sky,2021-01-17 23:04:29
335,Bogorodskoye,RU,56.55,37.8833,-12.64,90,19,1.77,few clouds,2021-01-17 23:04:29
336,Kyabe,TD,9.4515,18.9449,73.81,20,14,5.95,few clouds,2021-01-17 23:04:29
337,Namibe,AO,-15.1961,12.1522,73.13,76,96,10.36,overcast clouds,2021-01-17 23:02:07
338,Mouila,GA,-1.8685,11.0559,73.11,94,69,0.92,light rain,2021-01-17 23:04:29
339,Tiznit,MA,29.5833,-9.5,54.23,48,0,1.86,clear sky,2021-01-17 23:04:31
340,Banda Aceh,ID,5.5577,95.3222,78.15,83,79,13.76,moderate rain,2021-01-17 23:04:31
341,Maple Creek,CA,49.9168,-109.4848,35.6,64,100,9.22,light snow,2021-01-17 23:04:31
342,Kolo,PL,52.2002,18.6387,1.99,85,25,2.59,scattered clouds,2021-01-17 23:04:31
343,Tari,NG,12.4086,4.4914,73.87,19,100,10.29,overcast clouds,2021-01-17 23:04:31
344,Penzance,GB,50.1186,-5.5371,44.6,81,75,11.5,moderate rain,2021-01-17 23:04:32
345,Yulara,AU,-25.2406,130.9889,69.8,24,0,11.5,clear sky,2021-01-17 23:04:32
346,Bairiki,KI,1.3292,172.9752,80.6,83,20,12.66,few clouds,2021-01-17 23:04:32
347,Coquimbo,CL,-29.9533,-71.3436,62.6,77,20,12.66,few clouds,2021-01-17 23:04:33
348,Bull Savanna,JM,17.8868,-77.5902,75.0,83,100,8.12,overcast clouds,2021-01-17 23:04:33
349,Rosetown,CA,51.5501,-108.0014,26.6,93,100,5.75,overcast clouds,2021-01-17 23:04:33
350,Palana,RU,59.1167,159.9667,3.67,93,100,22.57,overcast clouds,2021-01-17 23:04:33
351,Tezu,IN,27.9167,96.1667,60.84,45,2,3.8,clear sky,2021-01-17 23:04:34
352,Marystown,CA,47.1666,-55.1483,38.75,86,100,11.39,overcast clouds,2021-01-17 23:04:34
353,Hambantota,LK,6.1241,81.1185,75.51,83,96,11.56,overcast clouds,2021-01-17 23:04:34
354,Hayden,US,47.766,-116.7866,35.01,94,96,4.27,overcast clouds,2021-01-17 23:04:34
355,Acushnet,US,41.6807,-70.9078,42.8,49,1,10.36,clear sky,2021-01-17 23:04:34
356,Nouadhibou,MR,20.931,-17.0347,66.2,34,0,12.66,sand,2021-01-17 23:04:34
357,Miracema,BR,-21.4122,-42.1967,72.03,89,12,3.47,few clouds,2021-01-17 23:04:35
358,Anchorage,US,61.2181,-149.9003,34.0,80,90,2.53,overcast clouds,2021-01-17 23:04:35
359,Sechura,PE,-5.5569,-80.8222,78.08,63,99,18.52,overcast clouds,2021-01-17 23:04:35
360,Port Hawkesbury,CA,45.6169,-61.3485,39.2,70,75,20.71,broken clouds,2021-01-17 23:04:35
361,Brownsville,US,25.9018,-97.4975,71.6,60,75,11.5,broken clouds,2021-01-17 23:04:35
362,Pitimbu,BR,-7.4706,-34.8086,78.8,78,0,10.36,clear sky,2021-01-17 23:04:36
363,Hervey Bay,AU,-25.2986,152.8535,84.0,72,100,3.0,overcast clouds,2021-01-17 23:04:36
364,Bereznik,RU,62.8551,42.7072,9.79,96,100,4.27,light snow,2021-01-17 23:04:36
365,Diapaga,BF,12.0708,1.7889,73.29,20,99,6.6,overcast clouds,2021-01-17 23:04:36
366,Sao Miguel Do Araguaia,BR,-13.275,-50.1628,74.25,89,98,2.84,light rain,2021-01-17 23:02:31
367,Belyy Yar,RU,53.6039,91.3903,17.6,73,0,6.71,clear sky,2021-01-17 23:02:36
368,Sinnar,SD,13.5691,33.5672,73.49,27,30,13.35,scattered clouds,2021-01-17 23:04:37
369,Kwekwe,ZW,-18.9281,29.8149,66.33,97,100,4.25,moderate rain,2021-01-17 23:04:37
370,Lavrentiya,RU,65.5833,-171.0,-10.97,82,100,10.02,overcast clouds,2021-01-17 23:04:37
371,Dawei,MM,14.0833,98.2,71.71,58,49,10.92,scattered clouds,2021-01-17 23:04:37
372,Taitung,TW,22.7583,121.1444,57.2,72,75,8.05,broken clouds,2021-01-17 23:04:37
373,Tura,IN,25.5198,90.2201,58.21,69,0,3.15,clear sky,2021-01-17 23:04:38
374,Moroto,UG,2.5345,34.6666,70.7,55,82,8.14,broken clouds,2021-01-17 23:04:38
375,Howard Springs,AU,-12.497,131.047,80.6,83,20,9.22,few clouds,2021-01-17 23:04:38
376,Rapid Valley,US,44.0625,-103.1463,41.0,33,90,3.44,overcast clouds,2021-01-17 23:04:38
377,Ginda,IN,30.6945,78.4932,43.32,49,0,4.29,clear sky,2021-01-17 23:04:38
378,Tabou,CI,4.423,-7.3528,78.67,83,0,6.73,clear sky,2021-01-17 23:04:39
379,Jumla,NP,29.2747,82.1838,38.32,67,0,3.42,clear sky,2021-01-17 23:04:39
380,Bodden Town,KY,19.2833,-81.25,80.6,74,20,8.05,few clouds,2021-01-17 23:04:39
381,Cidreira,BR,-30.1811,-50.2056,74.55,91,100,12.91,moderate rain,2021-01-17 23:04:39
382,Saint-Marc-Des-Carrieres,CA,46.6834,-72.0491,30.2,100,100,5.75,overcast clouds,2021-01-17 23:04:40
383,Mitu,CO,1.1983,-70.1733,75.99,86,80,2.73,broken clouds,2021-01-17 23:04:40
384,Straumen,NO,63.8709,11.2999,30.0,79,40,4.61,scattered clouds,2021-01-17 23:04:40
385,Kaitangata,NZ,-46.2817,169.8464,62.01,42,57,8.01,broken clouds,2021-01-17 23:04:40
386,Mocuba,MZ,-16.8392,36.9856,76.19,93,95,2.75,overcast clouds,2021-01-17 23:04:40
387,San Cristobal,VE,7.7669,-72.225,82.4,65,40,6.91,scattered clouds,2021-01-17 23:04:41
388,Salinopolis,BR,-0.6136,-47.3561,79.79,83,78,8.9,light rain,2021-01-17 23:04:41
389,Mwinilunga,ZM,-11.7358,24.4293,62.73,94,100,3.76,overcast clouds,2021-01-17 23:04:41
390,Turan,VN,16.0678,108.2208,68.0,73,40,9.22,light rain,2021-01-17 23:04:41
391,Puerto Carreno,CO,6.189,-67.4859,84.07,53,77,13.35,broken clouds,2021-01-17 23:04:41
392,Nayoro,JP,44.3506,142.4578,12.2,85,75,1.14,snow,2021-01-17 23:04:41
393,Sao Francisco,BR,-15.9486,-44.8644,72.39,81,75,3.85,light rain,2021-01-17 23:04:42
394,Horadiz,AZ,39.4488,47.3353,30.2,100,0,6.91,clear sky,2021-01-17 23:04:42
395,Vestmannaeyjar,IS,63.4427,-20.2734,36.81,81,100,28.1,overcast clouds,2021-01-17 23:02:35
396,Luzhou,CN,28.8724,105.4405,38.7,78,22,3.22,few clouds,2021-01-17 23:04:42
397,Shahrud,IR,36.4182,54.9763,36.16,80,0,1.57,clear sky,2021-01-17 23:04:42
398,Miraflores,MX,19.2167,-98.8083,59.0,54,75,8.05,broken clouds,2021-01-17 23:04:42
399,Namatanai,PG,-3.6667,152.4333,84.49,69,74,12.84,broken clouds,2021-01-17 23:04:43
400,Narasannapeta,IN,18.4167,84.05,70.48,82,62,6.87,broken clouds,2021-01-17 23:04:43
401,Korla,CN,41.7597,86.1469,13.93,83,5,0.69,clear sky,2021-01-17 23:04:43
402,Ancud,CL,-41.8697,-73.8203,62.6,67,0,6.91,clear sky,2021-01-17 23:04:43
403,Juneau,US,58.3019,-134.4197,42.8,81,90,8.05,light rain,2021-01-17 23:04:27
404,Clyde River,CA,70.4692,-68.5914,6.8,92,90,25.32,snow,2021-01-17 23:04:44
405,Mossendjo,CG,-2.9506,12.7261,69.49,99,90,2.57,overcast clouds,2021-01-17 23:04:44
406,North Bend,US,43.4065,-124.2243,55.99,87,1,14.97,clear sky,2021-01-17 23:04:45
407,Kant,IN,27.8,79.8,50.74,76,0,5.88,clear sky,2021-01-17 23:04:45
408,Inuvik,CA,68.3499,-133.7218,-4.0,84,77,4.61,broken clouds,2021-01-17 23:04:45
409,Yarada,IN,17.65,83.2667,69.8,100,20,2.3,mist,2021-01-17 23:04:45
410,Indian Head,US,38.6001,-77.1622,44.6,49,90,4.61,overcast clouds,2021-01-17 23:04:45
411,Tatui,BR,-23.3556,-47.8569,75.0,82,100,1.99,light rain,2021-01-17 23:01:41
412,Kamenka,RU,51.3223,42.7678,-2.99,87,100,3.85,overcast clouds,2021-01-17 23:04:46
413,Ariquemes,BR,-9.9133,-63.0408,75.13,95,99,2.89,overcast clouds,2021-01-17 23:01:51
414,Abong Mbang,CM,3.9833,13.1833,69.08,64,59,3.47,broken clouds,2021-01-17 23:04:46
415,Sorland,NO,67.667,12.6934,30.2,93,75,3.44,broken clouds,2021-01-17 23:04:46
416,Dawson Creek,CA,55.7666,-120.2362,41.0,56,1,12.66,clear sky,2021-01-17 23:04:46
417,Mayo,US,38.8876,-76.5119,46.4,46,90,8.14,overcast clouds,2021-01-17 23:04:46
418,Khovu-Aksy,RU,51.1333,93.6,-1.79,78,62,1.16,broken clouds,2021-01-17 23:04:47
419,Berdigestyakh,RU,62.0989,126.6992,-47.18,76,99,3.53,overcast clouds,2021-01-17 23:04:47
420,Scottsbluff,US,41.8666,-103.6672,46.4,31,1,8.05,clear sky,2021-01-17 23:04:47
421,Sola,VU,-13.8833,167.55,84.2,89,75,13.53,broken clouds,2021-01-17 23:04:47
422,Novikovo,RU,51.1537,37.8879,1.17,92,100,4.5,light snow,2021-01-17 23:04:48
423,Camacha,PT,33.0833,-16.3333,57.2,62,75,5.75,broken clouds,2021-01-17 23:04:48
424,Kahului,US,20.8947,-156.47,80.6,65,75,9.22,light rain,2021-01-17 23:04:48
425,Ha Giang,VN,22.8333,104.9833,46.44,64,20,2.53,few clouds,2021-01-17 23:04:48
426,Okha,RU,53.5739,142.9478,-19.25,86,33,13.6,scattered clouds,2021-01-17 23:04:48
427,Kalengwa,ZM,-13.4659,25.0027,65.1,95,100,4.54,overcast clouds,2021-01-17 23:04:49
428,Deputatskiy,RU,69.3,139.9,-35.32,85,97,1.45,overcast clouds,2021-01-17 23:02:01
429,Uglegorskiy,RU,48.2427,41.2531,13.39,96,100,14.41,snow,2021-01-17 23:04:50
430,Awbari,LY,26.5921,12.7805,42.08,64,0,3.65,clear sky,2021-01-17 23:04:50
431,Moerai,PF,-22.4333,-151.3333,80.91,70,18,7.63,few clouds,2021-01-17 23:04:50
432,Broken Hill,AU,-31.95,141.4333,60.8,55,9,18.41,clear sky,2021-01-17 23:04:50
433,Altay,CN,47.8667,88.1167,12.24,60,50,1.66,scattered clouds,2021-01-17 23:04:50
434,Kemijarvi,FI,66.7131,27.4306,12.16,95,98,5.21,overcast clouds,2021-01-17 23:04:51
435,Sambava,MG,-14.2667,50.1667,77.36,88,60,5.95,light rain,2021-01-17 23:04:51
436,Hastings,GB,50.8552,0.5729,39.99,80,100,1.99,overcast clouds,2021-01-17 23:04:51
437,Tessalit,ML,20.1986,1.0114,63.59,25,3,15.23,clear sky,2021-01-17 23:04:51
438,Coahuayana,MX,18.7333,-103.6833,80.6,57,75,5.23,broken clouds,2021-01-17 23:04:51
439,Ziro,IN,27.6333,93.8333,36.48,100,0,2.84,clear sky,2021-01-17 23:04:52
440,The Valley,AI,18.217,-63.0578,78.8,83,20,9.22,few clouds,2021-01-17 23:04:52
441,Manaquiri,BR,-3.3167,-60.35,84.2,79,20,2.3,few clouds,2021-01-17 23:04:52
442,Chapais,CA,49.7834,-74.8492,15.8,92,90,16.11,light snow,2021-01-17 23:02:44
443,Erenhot,CN,43.6475,111.9767,-1.35,86,0,1.68,clear sky,2021-01-17 23:03:29
444,Ampanihy,MG,-24.7,44.75,75.24,84,96,4.29,overcast clouds,2021-01-17 23:04:52
445,Putnok,HU,48.3,20.4333,20.64,95,47,0.51,scattered clouds,2021-01-17 23:04:53
446,Saint-Augustin,CA,51.226,-58.6502,36.97,93,100,26.35,moderate rain,2021-01-17 23:00:44
447,Narsaq,GL,60.9167,-46.05,21.2,68,75,6.71,broken clouds,2021-01-17 23:03:11
448,Erzin,TR,36.9559,36.2,57.99,70,28,23.0,scattered clouds,2021-01-17 23:04:53
449,Megion,RU,61.0296,76.1136,1.4,85,90,4.47,overcast clouds,2021-01-17 23:04:53
450,Praia,CV,14.9215,-23.5087,71.6,73,0,17.27,clear sky,2021-01-17 23:04:54
451,Okhotsk,RU,59.3833,143.3,-18.35,74,100,19.6,overcast clouds,2021-01-17 23:02:47
452,Oktyabrskoye,RU,43.0645,44.7417,30.2,100,100,6.71,overcast clouds,2021-01-17 23:04:54
453,Paamiut,GL,61.994,-49.6678,27.86,93,100,8.9,overcast clouds,2021-01-17 23:04:54
454,Shache,CN,38.4167,77.2406,16.7,84,25,1.14,scattered clouds,2021-01-17 23:04:54
455,Alyangula,AU,-13.8483,136.4192,78.8,78,90,4.61,overcast clouds,2021-01-17 23:04:54
456,Mehriz,IR,31.5917,54.4318,44.6,53,0,2.3,clear sky,2021-01-17 23:04:54
457,Tripoli,LY,32.8752,13.1875,54.3,62,15,19.69,few clouds,2021-01-17 23:04:51
458,Fukue,JP,32.6881,128.8419,43.27,65,100,11.68,overcast clouds,2021-01-17 23:04:55
459,Kieta,PG,-6.2167,155.6333,83.91,72,80,6.24,light rain,2021-01-17 23:04:55
460,Egvekinot,RU,66.3167,-179.1667,-15.05,87,100,11.03,overcast clouds,2021-01-17 23:04:55
461,Godfrey,US,38.9556,-90.1868,34.0,86,90,11.5,overcast clouds,2021-01-17 23:03:41
462,Saint-Pierre,RE,-21.3393,55.4781,78.8,73,0,4.61,clear sky,2021-01-17 23:04:55
463,Kumluca,TR,36.3703,30.2869,47.39,50,42,6.08,scattered clouds,2021-01-17 23:04:56
464,Shahr-E Babak,IR,30.1165,55.1186,42.85,64,0,11.36,clear sky,2021-01-17 23:04:56
465,Cape Coast,GH,5.1053,-1.2466,79.45,85,13,8.99,few clouds,2021-01-17 23:04:56
466,Gotsu,JP,35.0,132.2167,36.21,83,100,10.0,light snow,2021-01-17 23:00:53
467,Escanaba,US,45.7453,-87.0646,28.4,86,90,6.91,mist,2021-01-17 23:00:26
468,Greenfield,US,42.9614,-88.0126,32.0,69,90,8.05,overcast clouds,2021-01-17 23:03:47
469,Pisco,PE,-13.7,-76.2167,71.6,78,0,23.02,clear sky,2021-01-17 23:04:57
470,Teknaf,BD,20.8624,92.3058,60.48,73,0,3.69,clear sky,2021-01-17 23:04:57
471,Matadi,CD,-5.8167,13.45,75.65,83,66,2.82,broken clouds,2021-01-17 23:04:57
472,Bandarbeyla,SO,9.4942,50.8122,74.14,73,14,12.93,few clouds,2021-01-17 23:04:57
473,Husavik,IS,66.0449,-17.3389,33.8,80,90,3.44,moderate rain,2021-01-17 23:02:45
474,Kavaratti,IN,10.5669,72.642,81.39,76,0,6.08,clear sky,2021-01-17 23:04:58
475,Andijon,UZ,40.7821,72.3442,42.01,67,61,13.0,broken clouds,2021-01-17 23:04:58
476,Fuyu,CN,45.1833,124.8167,-10.8,84,95,10.54,overcast clouds,2021-01-17 23:04:58
477,Cuamba,MZ,-14.8031,36.5372,72.16,92,100,2.37,light rain,2021-01-17 23:04:58
478,Codrington,AU,-38.2667,141.9667,60.01,74,99,14.85,overcast clouds,2021-01-17 23:04:58
479,Moose Factory,CA,51.2585,-80.6094,8.6,85,20,8.05,few clouds,2021-01-17 23:04:58
480,Chernogorsk,RU,53.8236,91.2842,17.6,73,0,6.71,clear sky,2021-01-17 23:04:59
481,Simao,CN,22.7886,100.9748,43.34,94,99,2.33,overcast clouds,2021-01-17 23:04:59
482,Uwajima,JP,33.2238,132.56,32.0,69,20,9.22,few clouds,2021-01-17 23:04:59
483,Bedele,ET,8.456,36.353,60.82,52,54,3.65,broken clouds,2021-01-17 23:04:59
484,Waipawa,NZ,-41.4122,175.5153,66.2,48,1,24.16,clear sky,2021-01-17 23:01:40
485,Sanchazi,CN,42.0817,126.6003,2.68,91,100,6.02,light snow,2021-01-17 23:05:00
486,Bukama,CD,-9.2,25.85,68.99,93,71,0.78,broken clouds,2021-01-17 23:05:00
487,Satellite Beach,US,28.1761,-80.5901,61.0,55,75,10.36,broken clouds,2021-01-17 23:05:00
488,Portlethen,GB,57.0547,-2.1307,41.0,81,100,11.5,overcast clouds,2021-01-17 23:05:01
489,Fort Nelson,CA,58.8053,-122.7002,24.8,74,75,5.75,broken clouds,2021-01-17 23:05:01
490,Alice Springs,AU,-23.7,133.8833,77.0,26,0,5.75,clear sky,2021-01-17 23:02:27
491,Khani,GE,41.9563,42.9566,42.8,100,90,10.36,overcast clouds,2021-01-17 23:05:02
492,Bhola,BD,22.6833,90.65,60.75,60,0,3.74,clear sky,2021-01-17 23:05:02
493,Malakal,SS,9.5334,31.6605,77.58,23,49,7.49,scattered clouds,2021-01-17 23:05:03
494,Prince Rupert,CA,54.3161,-130.3201,46.4,87,90,4.61,light rain,2021-01-17 23:05:03
495,Anuradhapura,LK,8.3565,80.4173,72.18,97,61,4.47,light rain,2021-01-17 23:05:03
496,Vao,NC,-22.6667,167.4833,77.07,81,84,11.43,broken clouds,2021-01-17 23:05:04
497,Craig,US,40.5153,-107.5464,35.6,55,90,3.44,overcast clouds,2021-01-17 23:05:04
498,Nuuk,GL,64.1835,-51.7216,24.8,80,90,6.91,light snow,2021-01-17 23:00:48
499,Hailar,CN,49.2,119.7,-25.83,82,0,7.4,clear sky,2021-01-17 23:04:23
500,Patea,NZ,-39.7583,174.4833,66.0,74,45,11.01,scattered clouds,2021-01-17 23:05:05
501,Merano,IT,46.6682,11.1595,30.0,80,20,6.8,few clouds,2021-01-17 23:05:05
502,Roura,GF,4.7263,-52.3274,80.6,83,75,4.61,broken clouds,2021-01-17 23:05:06
503,Teahupoo,PF,-17.8333,-149.2667,87.8,51,40,9.22,scattered clouds,2021-01-17 23:05:07
504,Camopi,GF,3.1655,-52.3158,72.23,98,100,2.62,light rain,2021-01-17 23:05:07
505,Wattegama,LK,6.7989,81.4808,71.96,90,100,4.47,overcast clouds,2021-01-17 23:05:07
506,Quatre Cocos,MU,-20.2078,57.7625,80.01,78,75,11.5,broken clouds,2021-01-17 23:05:07
507,Artvin,TR,41.1667,41.8333,44.6,87,90,12.66,overcast clouds,2021-01-17 23:05:08
508,Abu Dhabi,AE,24.4667,54.3667,66.2,42,0,3.44,clear sky,2021-01-17 23:05:08
509,Zhuanghe,CN,39.7008,122.9911,17.01,53,100,8.57,overcast clouds,2021-01-17 23:05:08
510,Baruun-Urt,MN,46.6806,113.2792,-18.62,88,84,3.65,broken clouds,2021-01-17 23:05:08
511,Velizh,RU,55.6056,31.1967,-3.32,92,12,2.28,few clouds,2021-01-17 23:05:08
512,Marathon,US,44.9,-89.7668,26.6,68,90,4.61,overcast clouds,2021-01-17 23:05:09
513,Oriximina,BR,-1.7656,-55.8661,80.82,70,58,0.22,light rain,2021-01-17 23:05:09
514,La Paz,BO,-16.5,-68.15,44.6,81,75,8.05,light rain,2021-01-17 23:02:12
515,Planadas,CO,3.197,-75.6451,69.94,74,73,0.83,broken clouds,2021-01-17 23:00:21
516,Carcassonne,FR,43.25,2.1667,39.2,87,20,6.91,few clouds,2021-01-17 23:05:09
517,Severodvinsk,RU,64.5635,39.8302,10.4,85,90,4.47,overcast clouds,2021-01-17 23:02:32
518,Susanville,US,40.4163,-120.653,55.99,47,1,3.44,clear sky,2021-01-17 23:05:10
519,Jaciara,BR,-15.9653,-54.9683,71.38,94,97,1.83,overcast clouds,2021-01-17 23:00:34
520,San Policarpo,PH,12.1791,125.5072,79.47,86,100,16.28,overcast clouds,2021-01-17 23:05:10
521,Ranfurly,NZ,-45.1333,170.1,57.0,52,69,1.01,broken clouds,2021-01-17 23:05:10
522,Usak,TR,38.5,29.4167,24.01,97,78,4.29,broken clouds,2021-01-17 23:05:11
523,Zeven,DE,53.3,9.2833,33.01,65,100,3.0,overcast clouds,2021-01-17 23:05:11
524,Waingapu,ID,-9.6567,120.2641,79.21,79,89,4.97,light rain,2021-01-17 23:05:11
525,Kampene,CD,-3.6,26.6667,68.05,97,96,0.89,moderate rain,2021-01-17 23:05:11
526,Sukhobuzimskoye,RU,56.5,93.2728,19.4,68,40,8.95,light snow,2021-01-17 23:05:11
527,Palu,ID,-0.8917,119.8707,76.62,68,100,2.93,overcast clouds,2021-01-17 23:04:59
528,Mukhen,RU,48.1,136.1,-9.33,86,72,3.83,broken clouds,2021-01-17 23:05:12
529,Kulhudhuffushi,MV,6.6221,73.07,81.34,77,24,12.88,moderate rain,2021-01-17 23:05:12
530,Necochea,AR,-38.5473,-58.7368,62.01,74,78,16.67,broken clouds,2021-01-17 23:05:12
531,Soc Trang,VN,9.6033,105.98,69.8,88,68,4.61,broken clouds,2021-01-17 23:05:12
532,Russell,US,32.3502,-85.1999,51.8,40,1,3.44,clear sky,2021-01-17 23:05:13
533,George,ZA,-33.963,22.4617,62.6,88,20,6.91,few clouds,2021-01-17 23:05:13
534,Taltal,CL,-25.4,-70.4833,68.14,66,18,5.03,few clouds,2021-01-17 23:01:13
535,Goderich,CA,43.7501,-81.7165,32.0,93,100,4.61,light snow,2021-01-17 23:05:13
536,Copperas Cove,US,31.1241,-97.9031,60.8,25,1,5.41,clear sky,2021-01-17 23:05:13
537,Harrisburg,US,40.2737,-76.8844,42.8,52,75,8.05,broken clouds,2021-01-17 23:05:14
538,Warman,CA,52.3168,-106.5679,27.0,86,90,5.75,light snow,2021-01-17 23:05:14
539,Ilhabela,BR,-23.7781,-45.3581,78.1,79,49,3.36,scattered clouds,2021-01-17 23:05:14
540,Utica,US,43.1009,-75.2327,33.8,86,90,3.44,light snow,2021-01-17 23:03:55
541,Bonnyville,CA,54.2668,-110.735,32.0,93,90,7.38,light snow,2021-01-17 23:05:14
542,Kudahuvadhoo,MV,2.6708,72.8944,81.25,73,15,7.7,few clouds,2021-01-17 23:05:14
543,Toora-Khem,RU,52.4675,96.11,-2.78,88,68,0.47,broken clouds,2021-01-17 23:05:15
544,Yerbogachen,RU,61.2767,108.0108,-38.13,79,100,5.37,overcast clouds,2021-01-17 23:05:15
545,Karpathos,GR,35.507,27.2132,48.2,43,77,18.41,broken clouds,2021-01-17 23:05:15
546,Illapel,CL,-31.6308,-71.1653,72.99,36,0,6.24,clear sky,2021-01-17 23:05:15
547,Hofn,IS,64.2539,-15.2082,39.24,71,100,11.14,overcast clouds,2021-01-17 23:05:15
548,Turbat,PK,26.0023,63.044,56.75,76,0,1.14,clear sky,2021-01-17 23:02:44
549,Labuhan,ID,-6.8844,112.2051,77.2,85,99,8.63,light rain,2021-01-17 23:05:16
550,Anadyr,RU,64.75,177.4833,-18.0,76,100,11.18,snow,2021-01-17 23:05:16
551,San Andres,CO,12.5847,-81.7006,82.4,74,40,6.91,light rain,2021-01-17 23:05:16
552,Bam,IR,29.106,58.357,55.72,41,0,10.33,clear sky,2021-01-17 23:05:16
553,Acarau,BR,-2.8856,-40.12,79.97,79,88,14.58,light rain,2021-01-17 23:01:50
554,Viransehir,TR,37.2353,39.7631,44.15,93,97,13.62,overcast clouds,2021-01-17 23:05:17
555,Lindi,TZ,-10.0,39.7167,76.69,92,64,4.07,broken clouds,2021-01-17 23:05:17
556,Samarai,PG,-10.6167,150.6667,84.92,74,78,13.35,broken clouds,2021-01-17 23:05:17
557,Puerto Madryn,AR,-42.7692,-65.0385,71.19,47,17,12.53,few clouds,2021-01-17 23:02:50
558,Safranbolu,TR,41.2508,32.6942,27.05,96,100,4.43,snow,2021-01-17 23:05:17
559,Omboue,GA,-1.5746,9.2618,77.45,87,84,7.34,light rain,2021-01-17 23:05:18
560,Dakoro,NE,14.5106,6.765,71.19,21,85,15.39,overcast clouds,2021-01-17 23:05:18
561,Belaya Gora,RU,68.5333,146.4167,-37.71,83,39,0.54,scattered clouds,2021-01-17 23:05:18
562,Komsomolskiy,UZ,40.4272,71.7189,35.6,55,88,6.91,overcast clouds,2021-01-17 23:05:18
563,Patria,PH,11.7403,122.0171,77.43,86,100,12.48,overcast clouds,2021-01-17 23:05:18
564,Amahai,ID,-3.3333,128.9167,82.0,91,100,1.99,overcast clouds,2021-01-17 23:01:24
565,Kandrian,PG,-6.2167,149.55,85.42,69,54,4.43,broken clouds,2021-01-17 23:05:20
566,Tarata,BO,-17.6167,-66.0167,59.0,88,90,8.57,moderate rain,2021-01-17 23:05:20
567,Cartagena,CO,10.3997,-75.5144,84.2,74,20,11.5,few clouds,2021-01-17 23:00:30
568,Burley,US,42.5357,-113.7928,42.8,61,90,17.27,overcast clouds,2021-01-17 23:05:03
569,Acapulco,MX,16.8634,-99.8901,84.2,65,40,8.05,scattered clouds,2021-01-17 23:05:20
570,Nemuro,JP,43.3236,145.575,23.29,94,97,8.23,overcast clouds,2021-01-17 23:02:03
571,Petropavlovsk-Kamchatskiy,RU,53.0452,158.6483,23.0,68,90,22.37,snow,2021-01-17 23:05:21
572,Isangel,VU,-19.55,169.2667,86.0,89,75,5.75,broken clouds,2021-01-17 23:05:21
573,Sao Francisco Do Conde,BR,-12.6275,-38.68,82.4,65,40,12.66,scattered clouds,2021-01-17 23:05:21
574,Maroantsetra,MG,-15.4333,49.7333,76.42,88,49,1.99,scattered clouds,2021-01-17 23:05:22
575,Nanortalik,GL,60.1432,-45.2371,26.76,93,100,4.7,overcast clouds,2021-01-17 23:05:22
576,Jiayuguan,CN,39.8167,98.3,17.29,66,0,0.02,clear sky,2021-01-17 23:05:22
577,Iracoubo,GF,5.4802,-53.2011,77.11,87,96,11.07,overcast clouds,2021-01-17 23:05:23
578,Port Hedland,AU,-20.3167,118.5667,91.4,31,13,9.22,few clouds,2021-01-17 23:05:23
579,Chicama,PE,-7.8447,-79.1469,75.02,68,28,10.38,scattered clouds,2021-01-17 23:05:23
580,Petauke,ZM,-14.2426,31.3253,68.25,94,100,1.9,light rain,2021-01-17 23:05:23
581,Doba,TD,8.65,16.85,73.76,21,1,4.68,clear sky,2021-01-17 23:05:23
582,Abashiri,JP,44.0213,144.2697,14.36,92,65,11.43,broken clouds,2021-01-17 23:01:07
583,Gamba,GA,-2.65,10.0,77.72,84,100,5.06,overcast clouds,2021-01-17 23:05:24
584,Yelizovo,RU,53.1873,158.3805,23.0,68,90,22.37,snow,2021-01-17 23:05:24
585,Atherton,GB,53.5237,-2.4935,42.01,82,88,1.99,overcast clouds,2021-01-17 23:05:24
586,La Rioja,ES,42.25,-2.5,46.4,87,90,6.91,overcast clouds,2021-01-17 23:03:00
587,Rumphi,MW,-11.0186,33.8575,64.58,85,99,2.84,overcast clouds,2021-01-17 23:05:24
588,Miguel Auza,MX,24.2933,-103.4503,63.75,25,0,7.29,clear sky,2021-01-17 23:05:25
589,Trinidad,BO,-14.8333,-64.9,82.4,89,75,5.75,light rain,2021-01-17 23:05:25
590,Padre Paraiso,BR,-17.0742,-41.4844,66.92,77,6,5.82,clear sky,2021-01-17 23:05:25
591,Jiwani,PK,25.05,61.7417,69.62,77,0,7.63,clear sky,2021-01-17 23:05:25
592,Grindavik,IS,63.8424,-22.4338,33.8,93,90,17.27,overcast clouds,2021-01-17 23:01:52
593,Yumen,CN,40.2833,97.2,16.18,76,0,12.93,clear sky,2021-01-17 23:05:25
594,Turayf,SA,31.6725,38.6637,48.2,66,40,6.91,scattered clouds,2021-01-17 23:02:49
595,Labrea,BR,-7.2586,-64.7981,77.41,92,70,2.51,broken clouds,2021-01-17 23:05:26
596,Pangai,TO,-19.8,-174.35,86.0,79,20,6.91,few clouds,2021-01-17 23:05:26
597,Saint-Joseph,RE,-21.3667,55.6167,78.8,73,0,4.61,clear sky,2021-01-17 23:05:26
598,Kato Soulion,GR,38.1667,24.0,36.0,58,97,5.17,overcast clouds,2021-01-17 23:05:26
599,Oum Hadjer,TD,13.2954,19.6966,70.09,18,0,9.98,clear sky,2021-01-17 23:05:26
600,Bagdarin,RU,54.4333,113.6,-30.62,73,1,1.23,clear sky,2021-01-17 23:05:27
601,Mikkeli,FI,61.6886,27.2723,18.28,98,87,4.09,overcast clouds,2021-01-17 23:05:27
602,Bonavista,CA,48.6499,-53.1147,37.0,100,100,9.22,light rain,2021-01-17 23:05:27
603,Murray Bridge,AU,-35.1167,139.2667,61.0,72,54,11.41,broken clouds,2021-01-17 23:05:27
604,Portland,US,45.5234,-122.6762,52.0,71,40,1.9,scattered clouds,2021-01-17 23:02:27
605,Arosa,CH,46.7779,9.6762,30.99,91,99,4.56,light snow,2021-01-17 23:00:30
606,Nyurba,RU,63.2842,118.3319,-33.54,82,100,5.5,overcast clouds,2021-01-17 23:05:28
607,Nantucket,US,41.2835,-70.0995,41.0,60,1,25.32,clear sky,2021-01-17 23:05:28
608,Pevek,RU,69.7008,170.3133,-28.89,86,6,4.29,clear sky,2021-01-17 23:05:28
609,Vanavara,RU,60.34,102.2797,-18.56,87,100,8.19,light snow,2021-01-17 23:05:28
610,Ulaanbaatar,MN,47.9077,106.8832,-14.8,70,24,4.61,few clouds,2021-01-17 23:05:28
611,Murgab,TM,37.4966,61.9714,50.0,62,75,9.22,broken clouds,2021-01-17 23:05:29
612,Aldan,RU,58.6031,125.3894,-46.88,74,43,3.44,scattered clouds,2021-01-17 23:05:29
613,Fortuna,US,40.5982,-124.1573,60.01,82,1,11.5,clear sky,2021-01-17 23:05:29
614,Zhezkazgan,KZ,47.8043,67.7144,13.89,93,100,4.85,overcast clouds,2021-01-17 23:05:30
615,Cururupu,BR,-1.8283,-44.8683,77.04,86,57,3.2,broken clouds,2021-01-17 23:05:30
616,Karratha,AU,-20.7377,116.8463,91.35,51,52,5.1,broken clouds,2021-01-17 23:05:30
617,Nuevo Progreso,MX,23.1667,-97.95,72.0,56,99,7.0,overcast clouds,2021-01-17 23:05:30
618,Noumea,NC,-22.2763,166.4572,84.2,74,90,4.61,overcast clouds,2021-01-17 23:05:30
619,Kuah,MY,6.3265,99.8432,80.6,65,20,6.91,few clouds,2021-01-17 23:05:31
620,Inirida,CO,3.8653,-67.9239,76.17,93,85,1.59,light rain,2021-01-17 23:05:31
621,Great Bend,US,38.3645,-98.7648,46.99,31,1,12.66,clear sky,2021-01-17 23:05:31
622,Billings,US,45.7833,-108.5007,44.6,49,75,23.02,broken clouds,2021-01-17 23:02:26
623,Sosnovo-Ozerskoye,RU,52.5249,111.5418,-28.08,78,67,2.39,broken clouds,2021-01-17 23:05:32
624,Bermejo,AR,-32.8833,-68.8,86.0,16,0,5.75,clear sky,2021-01-17 23:05:32
625,Te Anau,NZ,-45.4167,167.7167,49.41,82,93,5.73,light rain,2021-01-17 23:05:32
626,Colares,PT,38.7992,-9.4469,53.01,63,66,6.08,broken clouds,2021-01-17 23:05:32
627,Bulawayo,ZW,-20.15,28.5833,66.22,94,100,5.03,overcast clouds,2021-01-17 23:05:33
628,Kalianget,ID,-7.05,113.9333,77.23,86,100,11.45,light rain,2021-01-17 23:05:33
629,Niquelandia,BR,-14.4739,-48.4597,71.69,86,100,2.44,overcast clouds,2021-01-17 23:05:33
630,Mogadishu,SO,2.0371,45.3438,76.21,82,95,20.89,overcast clouds,2021-01-17 23:05:33
631,Xiaoweizhai,CN,26.1903,107.5125,32.25,93,2,2.08,clear sky,2021-01-17 23:05:11
632,Kindu,CD,-2.95,25.95,70.97,91,100,1.61,light rain,2021-01-17 23:05:33
633,Axim,GH,4.8699,-2.2405,79.3,82,6,7.31,clear sky,2021-01-17 23:05:34
634,Suwannaphum,TH,15.6035,103.8021,63.0,77,0,5.75,clear sky,2021-01-17 23:05:34
635,Shevchenkove,UA,49.6959,37.1735,3.2,78,0,6.71,snow,2021-01-17 23:05:34
636,Miranda,CO,3.2499,-76.2281,84.2,54,40,9.22,moderate rain,2021-01-17 23:05:34
637,Yaan,NG,7.3833,8.5667,79.23,17,5,3.42,clear sky,2021-01-17 23:05:34
638,Dzhebariki-Khaya,RU,62.2167,135.8,-52.91,76,78,1.79,broken clouds,2021-01-17 23:05:35
639,Maniwaki,CA,46.3834,-75.966,21.2,86,99,6.91,overcast clouds,2021-01-17 23:02:27
640,Rantauprapat,ID,2.1,99.8333,73.2,96,100,2.86,overcast clouds,2021-01-17 23:05:35
641,Bastia,FR,42.6667,9.3333,48.99,87,75,2.3,broken clouds,2021-01-17 23:05:35
642,Bahia Honda,CU,22.9036,-83.1592,67.57,75,98,5.48,overcast clouds,2021-01-17 23:05:35
643,Black River,JM,18.0264,-77.8487,80.6,74,20,14.97,few clouds,2021-01-17 23:05:35
644,Ayagoz,KZ,47.9714,80.4392,12.16,83,22,5.06,few clouds,2021-01-17 23:05:36
645,Sobolevo,RU,54.4299,31.8996,-9.78,90,25,3.98,scattered clouds,2021-01-17 23:05:36
646,Skjervoy,NO,70.0311,20.9714,36.59,82,100,14.52,overcast clouds,2021-01-17 23:05:36
647,Ponta Delgada,PT,37.7333,-25.6667,61.0,88,40,18.41,scattered clouds,2021-01-17 23:05:36
648,Garissa,KE,-0.4536,39.6401,78.71,70,56,11.95,broken clouds,2021-01-17 23:05:36
649,Basoda,IN,23.85,77.9333,60.93,39,1,5.17,clear sky,2021-01-17 23:05:36
650,Muros,ES,42.7762,-9.0603,51.01,92,5,6.31,clear sky,2021-01-17 23:05:37
651,Dahuk,IQ,36.8695,42.994,46.26,85,100,14.0,overcast clouds,2021-01-17 23:05:37
652,Zheshart,RU,62.0731,49.5733,-1.77,92,100,5.44,light snow,2021-01-17 23:05:37
653,Reinach,CH,47.2667,8.1833,34.0,95,100,8.01,overcast clouds,2021-01-17 23:05:37
654,Praya,CV,14.9215,-23.5087,71.6,73,0,17.27,clear sky,2021-01-17 23:05:37
655,Bogo,PH,11.0517,124.0055,77.14,85,100,11.3,overcast clouds,2021-01-17 23:01:34
656,Manoel Urbano,BR,-8.8389,-69.2597,79.16,85,15,2.39,few clouds,2021-01-17 23:05:38
657,Timberlake,US,37.3207,-79.2575,42.8,52,75,4.25,broken clouds,2021-01-17 23:05:38
658,Argentan,FR,48.75,-0.0167,41.0,87,0,10.36,light rain,2021-01-17 23:05:38
659,Manggar,ID,-2.8833,108.2667,78.8,85,100,14.34,overcast clouds,2021-01-17 23:05:39
660,Phillaur,IN,31.0292,75.7842,44.19,75,0,4.52,clear sky,2021-01-17 23:05:39
661,Vardo,NO,70.3705,31.1107,33.8,86,20,25.32,light snow,2021-01-17 23:05:39
662,Mahajanga,MG,-15.7167,46.3167,82.4,83,20,2.3,moderate rain,2021-01-17 23:05:39
663,Palmer,US,42.1584,-72.3287,39.99,56,90,8.05,overcast clouds,2021-01-17 23:01:59
664,Mercedes,AR,-34.6515,-59.4307,73.99,42,0,8.86,clear sky,2021-01-17 23:02:19
665,Avdon,RU,54.6667,55.7167,-5.01,84,75,8.95,broken clouds,2021-01-17 23:05:39
666,Tual,ID,-5.6667,132.75,82.47,80,93,18.75,light rain,2021-01-17 23:01:03
667,Shenjiamen,CN,29.9576,122.298,37.71,71,0,5.21,clear sky,2021-01-17 23:05:40
668,Kango,GA,0.1943,10.0951,75.04,94,75,1.23,broken clouds,2021-01-17 23:05:40
669,Quzhou,CN,28.9594,118.8686,33.4,87,0,3.76,clear sky,2021-01-17 23:05:40
670,Ayutthaya,TH,14.2833,100.5,69.8,68,0,3.44,clear sky,2021-01-17 23:05:40
671,Rehoboth,NA,-23.3167,17.0833,74.19,42,94,9.19,overcast clouds,2021-01-17 23:05:41
672,Jibuti,DJ,11.5,42.5,73.4,83,75,6.38,broken clouds,2021-01-17 23:05:41
673,Uberlandia,BR,-18.9186,-48.2772,71.02,81,100,1.45,light rain,2021-01-17 23:05:41
674,Vigeland,NO,58.0844,7.305,37.99,87,100,3.0,light snow,2021-01-17 23:05:41
675,Wahiawa,US,21.5028,-158.0236,78.01,88,90,8.63,overcast clouds,2021-01-17 23:03:25
676,Moron,AR,-34.6534,-58.6198,75.99,45,0,3.0,clear sky,2021-01-17 23:05:42
677,Springdale,US,36.1867,-94.1288,46.4,42,20,13.8,few clouds,2021-01-17 23:05:27
678,Stornoway,GB,58.2093,-6.3865,39.2,81,40,18.41,light rain,2021-01-17 23:05:42
679,Jinka,ET,5.65,36.65,67.37,56,56,2.28,broken clouds,2021-01-17 23:05:42
680,Lucea,JM,18.451,-78.1736,80.6,74,20,14.97,few clouds,2021-01-17 23:05:36
681,Henties Bay,NA,-22.116,14.2845,68.0,85,62,5.35,broken clouds,2021-01-17 23:02:04
682,Birjand,IR,32.8663,59.2211,39.2,24,0,11.5,clear sky,2021-01-17 23:05:43
683,Fairbanks,US,64.8378,-147.7164,3.2,85,1,2.13,clear sky,2021-01-17 23:05:43
684,Santa Catarina,BR,-27.0,-50.0,69.4,99,100,1.79,overcast clouds,2021-01-17 23:05:43
685,Arshan,RU,46.2732,44.22,19.4,93,100,20.13,light snow,2021-01-17 23:05:43
686,Campobasso,IT,41.6333,14.5833,37.0,89,76,5.99,snow,2021-01-17 23:02:00
687,Sajanan,TN,37.0573,9.2426,57.2,53,82,6.91,light rain,2021-01-17 23:05:44
688,Nizhniy Odes,RU,63.6445,54.856,-11.61,90,89,3.62,overcast clouds,2021-01-17 23:05:44
689,Urengoy,RU,65.9667,78.3667,-2.16,92,100,11.36,overcast clouds,2021-01-17 23:05:44
690,Adana,TR,36.985,35.2881,44.6,93,20,9.22,few clouds,2021-01-17 23:01:57
691,Eyrarbakki,IS,63.863,-21.1481,33.8,93,75,13.8,light rain and snow,2021-01-17 23:05:44
692,El Dorado,US,38.7666,-120.5177,70.0,37,1,6.91,clear sky,2021-01-17 23:05:45
693,Virginia Beach,US,36.8529,-75.978,46.0,63,76,12.5,broken clouds,2021-01-17 23:05:25
694,Rocha,UY,-34.4833,-54.3333,65.28,70,7,9.42,clear sky,2021-01-17 23:01:09
695,Borovskoy,KZ,53.8,64.15,-4.38,89,0,8.16,clear sky,2021-01-17 23:05:45
696,Kempsey,AU,-31.0833,152.8333,77.0,65,98,3.0,overcast clouds,2021-01-17 23:03:46
697,Skibbereen,IE,51.55,-9.2667,35.6,93,40,8.05,scattered clouds,2021-01-17 23:02:28
